period_month,brand_id,hh_penetration_pct,buyers_mm,trips_per_buyer,dollars_per_trip,repeat_rate_pct,share_of_wallet_pct
2023-01-01,BRD-001,24.33,32.07,4.96,7.79,70.7,14.7
2023-02-01,BRD-001,22.86,30.04,5.02,7.94,42.4,12.7
2023-03-01,BRD-001,24.44,32.28,5.18,8.01,52.2,25.3
2023-04-01,BRD-001,23.79,31.27,4.99,7.55,70.0,30.2
2023-05-01,BRD-001,22.72,30.23,5.16,8.08,73.3,13.4
2023-06-01,BRD-001,22.36,29.48,5.06,7.66,77.5,34.4
2023-07-01,BRD-001,22.85,30.24,4.95,7.71,42.0,30.5
2023-08-01,BRD-001,22.84,30.43,4.88,7.95,57.5,10.3
2023-09-01,BRD-001,23.43,31.18,5.11,7.75,70.7,19.9
2023-10-01,BRD-001,24.38,32.35,5.19,8.0,76.4,31.7
2023-11-01,BRD-001,22.92,30.35,4.93,7.68,57.7,12.3
2023-12-01,BRD-001,23.38,30.63,5.04,7.96,74.1,16.5
2024-01-01,BRD-001,24.63,32.6,4.93,8.02,53.7,20.1
2024-02-01,BRD-001,24.5,32.2,5.16,8.05,46.0,20.7
2024-03-01,BRD-001,23.38,30.85,5.08,7.86,47.6,23.7
2024-04-01,BRD-001,23.95,31.78,4.96,7.91,59.7,22.9
2024-05-01,BRD-001,23.72,31.49,5.2,7.99,48.1,26.3
2024-06-01,BRD-001,24.13,31.93,5.17,7.7,42.1,22.2
2024-07-01,BRD-001,22.39,29.85,5.08,7.67,62.3,16.0
2024-08-01,BRD-001,23.87,31.76,4.99,7.53,76.1,17.0
2024-09-01,BRD-001,23.88,31.48,4.91,8.12,58.5,9.0
2024-10-01,BRD-001,22.7,30.21,5.15,7.93,76.9,26.3
2024-11-01,BRD-001,22.53,29.71,4.94,7.82,54.2,9.0
2024-12-01,BRD-001,22.92,30.54,5.08,8.03,58.1,37.7
2023-01-01,BRD-002,13.71,18.26,3.87,5.77,54.6,8.3
2023-02-01,BRD-002,13.89,18.59,4.03,5.67,55.1,19.3
2023-03-01,BRD-002,12.85,17.23,4.15,5.43,71.7,20.2
2023-04-01,BRD-002,13.03,17.17,4.21,5.74,72.9,16.6
2023-05-01,BRD-002,13.86,18.03,4.13,5.75,56.6,33.1
2023-06-01,BRD-002,13.49,17.79,4.1,5.4,76.1,8.7
2023-07-01,BRD-002,14.46,18.93,4.13,5.78,68.6,16.4
2023-08-01,BRD-002,13.54,18.14,4.1,5.74,64.5,23.3
2023-09-01,BRD-002,14.32,18.67,4.32,5.6,73.2,20.4
2023-10-01,BRD-002,14.14,18.48,4.03,5.49,70.4,20.3
2023-11-01,BRD-002,14.77,19.39,4.17,5.5,70.3,22.7
2023-12-01,BRD-002,14.31,18.77,4.27,5.45,45.4,34.7
2024-01-01,BRD-002,14.86,19.87,4.16,5.5,69.4,31.8
2024-02-01,BRD-002,15.38,20.49,4.39,5.41,69.6,10.2
2024-03-01,BRD-002,15.14,20.03,4.42,5.65,48.4,17.8
2024-04-01,BRD-002,14.23,18.7,4.35,5.53,64.9,23.8
2024-05-01,BRD-002,15.34,20.33,4.31,5.45,60.4,11.6
2024-06-01,BRD-002,15.66,20.75,4.28,5.41,71.7,34.7
2024-07-01,BRD-002,15.51,20.61,4.22,5.5,64.2,12.7
2024-08-01,BRD-002,15.37,20.22,4.22,5.73,46.2,19.2
2024-09-01,BRD-002,15.14,19.75,4.24,5.35,55.6,26.7
2024-10-01,BRD-002,15.29,20.45,4.26,5.77,52.7,23.4
2024-11-01,BRD-002,15.03,19.57,4.56,5.47,61.4,25.0
2024-12-01,BRD-002,15.44,20.15,4.57,5.36,50.4,29.9
2023-01-01,BRD-003,17.11,22.83,4.11,5.0,43.7,24.3
2023-02-01,BRD-003,18.75,24.64,4.13,4.9,53.1,30.3
2023-03-01,BRD-003,17.74,23.39,3.95,4.93,46.3,35.5
2023-04-01,BRD-003,17.43,23.25,4.01,4.72,48.7,32.1
2023-05-01,BRD-003,18.77,24.78,4.12,4.92,54.2,26.0
2023-06-01,BRD-003,17.7,23.4,4.08,4.91,76.3,15.6
2023-07-01,BRD-003,18.55,24.19,4.21,5.04,61.6,33.8
2023-08-01,BRD-003,17.66,23.21,4.11,5.0,46.5,37.2
2023-09-01,BRD-003,18.46,24.24,4.18,4.88,55.9,12.9
2023-10-01,BRD-003,18.77,24.64,3.89,4.78,55.7,20.7
2023-11-01,BRD-003,18.66,24.69,4.17,4.9,45.0,19.1
2023-12-01,BRD-003,18.72,24.43,4.17,4.89,45.1,29.3
2024-01-01,BRD-003,17.42,22.96,4.22,4.93,46.0,16.6
2024-02-01,BRD-003,17.64,23.46,4.02,4.73,56.5,8.3
2024-03-01,BRD-003,17.07,22.33,3.94,4.78,57.0,24.9
2024-04-01,BRD-003,18.49,24.41,4.19,5.05,42.3,15.3
2024-05-01,BRD-003,18.02,23.53,4.01,4.86,73.9,33.3
2024-06-01,BRD-003,17.2,22.98,4.19,4.79,53.0,14.8
2024-07-01,BRD-003,17.03,22.67,3.97,4.72,46.1,32.2
2024-08-01,BRD-003,18.55,24.29,3.94,4.82,53.8,30.8
2024-09-01,BRD-003,17.08,22.6,4.22,4.82,59.9,9.9
2024-10-01,BRD-003,17.46,22.9,4.15,5.03,42.9,26.9
2024-11-01,BRD-003,17.03,22.74,3.98,4.72,71.8,11.0
2024-12-01,BRD-003,17.1,22.62,4.0,4.98,53.3,15.3
2023-01-01,BRD-004,8.59,11.27,4.23,7.36,65.7,23.2
2023-02-01,BRD-004,8.82,11.56,4.08,7.41,55.3,10.9
2023-03-01,BRD-004,8.51,11.53,4.3,7.32,67.0,37.8
2023-04-01,BRD-004,8.39,10.89,4.14,7.68,56.6,23.1
2023-05-01,BRD-004,8.78,11.58,4.2,7.43,46.0,11.9
2023-06-01,BRD-004,8.98,11.72,4.27,7.44,60.6,10.0
2023-07-01,BRD-004,8.72,11.49,4.07,7.63,48.4,27.5
2023-08-01,BRD-004,8.22,11.03,3.99,7.52,61.1,35.6
2023-09-01,BRD-004,8.72,11.24,4.11,7.38,58.1,36.1
2023-10-01,BRD-004,8.62,11.28,4.07,7.33,70.6,11.2
2023-11-01,BRD-004,8.24,10.92,4.14,7.26,69.1,19.2
2023-12-01,BRD-004,8.37,10.89,3.97,7.2,57.4,22.9
2024-01-01,BRD-004,7.62,10.19,3.96,7.65,67.2,18.8
2024-02-01,BRD-004,7.8,10.36,3.87,7.6,52.2,33.5
2024-03-01,BRD-004,7.51,9.71,4.05,7.22,70.5,25.1
2024-04-01,BRD-004,7.68,9.98,3.84,7.16,45.7,10.5
2024-05-01,BRD-004,7.38,9.66,4.03,7.63,55.2,23.2
2024-06-01,BRD-004,7.56,9.7,3.87,7.43,49.0,25.2
2024-07-01,BRD-004,7.37,9.69,3.93,7.37,50.6,8.2
2024-08-01,BRD-004,7.63,10.28,3.76,7.24,48.9,29.2
2024-09-01,BRD-004,7.58,9.74,3.92,7.6,72.1,32.6
2024-10-01,BRD-004,7.08,9.19,3.94,7.15,78.0,31.5
2024-11-01,BRD-004,7.36,9.59,3.76,7.65,60.8,35.0
2024-12-01,BRD-004,7.03,9.54,3.96,7.3,48.8,27.7
2023-01-01,BRD-005,12.8,16.71,3.55,6.48,65.6,9.7
2023-02-01,BRD-005,12.75,17.0,3.43,6.64,54.1,37.8
2023-03-01,BRD-005,12.97,17.4,3.47,6.52,76.1,13.9
2023-04-01,BRD-005,13.31,17.84,3.4,6.4,68.9,26.3
2023-05-01,BRD-005,12.88,16.97,3.53,6.57,43.3,12.4
2023-06-01,BRD-005,13.16,17.55,3.44,6.36,45.0,35.8
2023-07-01,BRD-005,13.61,17.76,3.39,6.48,77.7,29.1
2023-08-01,BRD-005,14.11,18.65,3.45,6.64,75.1,12.8
2023-09-01,BRD-005,13.47,17.48,3.61,6.65,45.1,19.2
2023-10-01,BRD-005,14.2,18.49,3.67,6.45,61.4,33.0
2023-11-01,BRD-005,13.42,17.76,3.66,6.8,62.3,20.2
2023-12-01,BRD-005,13.72,18.22,3.73,6.74,71.0,31.3
2024-01-01,BRD-005,13.63,17.94,3.74,6.37,72.7,12.0
2024-02-01,BRD-005,14.79,19.32,3.7,6.5,52.3,9.5
2024-03-01,BRD-005,14.05,18.47,3.65,6.44,49.9,26.6
2024-04-01,BRD-005,14.15,18.73,3.64,6.41,71.3,30.1
2024-05-01,BRD-005,14.69,19.2,3.73,6.64,47.7,10.6
2024-06-01,BRD-005,15.08,19.84,3.59,6.69,73.4,22.9
2024-07-01,BRD-005,14.91,19.59,3.57,6.35,46.1,20.4
2024-08-01,BRD-005,14.95,19.82,3.58,6.68,46.1,36.3
2024-09-01,BRD-005,15.77,20.74,3.83,6.79,55.9,10.1
2024-10-01,BRD-005,15.79,21.02,3.63,6.32,70.6,8.9
2024-11-01,BRD-005,15.64,20.52,3.64,6.45,76.5,10.8
2024-12-01,BRD-005,15.59,20.69,3.83,6.55,63.6,34.8
2023-01-01,BRD-006,11.8,15.56,4.73,4.61,51.5,13.5
2023-02-01,BRD-006,12.46,16.21,4.53,4.65,72.8,29.9
2023-03-01,BRD-006,12.24,16.03,4.76,4.67,63.9,25.6
2023-04-01,BRD-006,12.7,16.77,4.59,4.56,45.8,29.7
2023-05-01,BRD-006,13.98,18.75,4.95,4.67,67.3,25.2
2023-06-01,BRD-006,13.24,17.32,4.71,4.58,59.1,11.3
2023-07-01,BRD-006,13.3,17.42,5.05,4.57,47.2,12.7
2023-08-01,BRD-006,14.61,19.29,5.05,4.69,61.3,26.2
2023-09-01,BRD-006,14.8,19.75,5.16,4.62,76.3,37.2
2023-10-01,BRD-006,15.19,20.27,4.96,4.75,77.9,14.3
2023-11-01,BRD-006,15.2,20.08,5.23,4.67,76.7,8.8
2023-12-01,BRD-006,14.62,19.3,4.96,4.43,71.9,37.7
2024-01-01,BRD-006,15.53,20.49,5.29,4.73,58.1,26.0
2024-02-01,BRD-006,15.14,19.71,5.24,4.73,47.9,36.4
2024-03-01,BRD-006,16.09,21.15,5.3,4.57,52.6,21.4
2024-04-01,BRD-006,15.52,20.27,5.27,4.43,54.5,23.6
2024-05-01,BRD-006,17.07,22.58,5.54,4.48,73.3,32.7
2024-06-01,BRD-006,16.9,22.1,5.43,4.61,42.7,22.0
2024-07-01,BRD-006,16.41,21.57,5.47,4.5,66.6,10.0
2024-08-01,BRD-006,16.59,22.16,5.59,4.49,56.9,35.3
2024-09-01,BRD-006,17.36,22.83,5.77,4.49,71.3,11.9
2024-10-01,BRD-006,17.39,23.21,5.41,4.73,46.9,24.9
2024-11-01,BRD-006,17.62,23.42,5.48,4.64,51.6,16.4
2024-12-01,BRD-006,17.67,23.24,5.89,4.73,70.8,23.6
2023-01-01,BRD-007,9.58,12.82,4.73,7.15,57.3,22.1
2023-02-01,BRD-007,9.61,12.58,4.74,7.48,60.9,9.4
2023-03-01,BRD-007,9.81,13.24,4.74,7.3,73.7,28.6
2023-04-01,BRD-007,9.67,12.55,4.91,7.35,51.4,26.4
2023-05-01,BRD-007,9.65,12.64,5.11,7.06,55.0,37.0
2023-06-01,BRD-007,9.53,12.82,4.79,7.28,43.0,33.1
2023-07-01,BRD-007,9.56,12.68,5.03,7.59,72.8,25.3
2023-08-01,BRD-007,9.85,13.03,5.2,7.35,54.0,36.9
2023-09-01,BRD-007,10.34,13.61,4.89,7.09,55.7,18.6
2023-10-01,BRD-007,10.04,13.39,5.16,7.52,76.0,10.5
2023-11-01,BRD-007,10.11,13.28,5.1,7.54,74.8,19.5
2023-12-01,BRD-007,10.29,13.72,5.23,7.26,66.2,18.3
2024-01-01,BRD-007,10.6,13.92,5.0,7.18,54.0,24.3
2024-02-01,BRD-007,10.2,13.62,5.06,7.03,66.4,10.5
2024-03-01,BRD-007,10.6,14.11,5.24,7.58,70.9,27.4
2024-04-01,BRD-007,10.59,14.0,5.08,7.07,75.4,29.1
2024-05-01,BRD-007,10.76,14.12,5.23,7.22,43.0,28.9
2024-06-01,BRD-007,11.06,14.87,5.26,7.24,61.9,23.6
2024-07-01,BRD-007,11.3,15.0,5.34,7.41,75.1,34.6
2024-08-01,BRD-007,10.88,14.23,5.23,7.58,58.3,22.3
2024-09-01,BRD-007,10.79,14.51,5.24,7.4,55.8,20.7
2024-10-01,BRD-007,11.71,15.4,5.45,7.42,48.9,25.1
2024-11-01,BRD-007,10.75,14.42,5.52,7.32,65.6,25.4
2024-12-01,BRD-007,11.57,15.09,5.16,7.28,77.1,10.1
2023-01-01,BRD-008,17.82,23.33,4.57,8.22,52.7,19.3
2023-02-01,BRD-008,18.12,24.17,4.74,8.28,58.7,37.2
2023-03-01,BRD-008,17.71,23.46,4.77,8.24,58.1,28.0
2023-04-01,BRD-008,16.88,22.31,4.63,7.71,63.8,28.0
2023-05-01,BRD-008,18.1,24.05,4.69,8.24,76.5,9.4
2023-06-01,BRD-008,16.76,22.35,4.57,7.82,59.7,30.0
2023-07-01,BRD-008,16.6,21.83,4.73,8.18,53.1,13.0
2023-08-01,BRD-008,18.31,24.34,4.76,7.89,66.9,21.7
2023-09-01,BRD-008,17.34,22.78,4.86,7.72,77.6,17.0
2023-10-01,BRD-008,16.87,22.2,4.86,8.0,42.2,24.4
2023-11-01,BRD-008,16.84,22.04,4.83,7.73,54.9,13.0
2023-12-01,BRD-008,17.41,22.87,4.62,8.07,47.2,8.4
2024-01-01,BRD-008,18.14,23.8,4.88,7.79,73.3,15.3
2024-02-01,BRD-008,18.13,23.77,4.77,8.02,73.2,13.1
2024-03-01,BRD-008,16.84,22.35,4.68,8.15,72.1,12.8
2024-04-01,BRD-008,16.62,22.19,4.7,7.82,53.0,9.0
2024-05-01,BRD-008,18.3,23.93,4.82,8.24,62.7,15.2
2024-06-01,BRD-008,16.95,22.23,4.71,8.06,62.5,14.9
2024-07-01,BRD-008,17.45,22.89,4.82,7.99,67.5,11.4
2024-08-01,BRD-008,16.64,21.91,4.63,7.84,70.9,30.9
2024-09-01,BRD-008,18.02,23.64,4.75,8.29,57.1,13.5
2024-10-01,BRD-008,18.22,24.15,4.67,7.85,65.0,31.5
2024-11-01,BRD-008,16.59,21.88,4.77,7.87,76.6,11.9
2024-12-01,BRD-008,18.15,24.25,4.77,7.79,65.6,29.0
2023-01-01,BRD-009,13.44,18.01,4.29,7.89,65.4,34.9
2023-02-01,BRD-009,13.19,17.23,4.31,8.26,73.1,36.8
2023-03-01,BRD-009,13.1,17.05,4.32,8.05,53.8,20.3
2023-04-01,BRD-009,13.45,17.95,4.29,8.0,46.5,9.1
2023-05-01,BRD-009,12.56,16.67,4.17,7.92,68.1,22.7
2023-06-01,BRD-009,13.16,17.14,4.15,8.09,44.7,24.8
2023-07-01,BRD-009,12.61,16.93,4.24,8.12,62.0,33.6
2023-08-01,BRD-009,12.97,17.25,4.24,8.16,43.3,9.2
2023-09-01,BRD-009,13.63,18.05,4.02,8.26,61.9,31.7
2023-10-01,BRD-009,12.45,16.66,4.04,8.14,68.2,13.3
2023-11-01,BRD-009,13.17,17.34,4.22,7.9,50.6,20.4
2023-12-01,BRD-009,12.85,16.73,4.17,7.86,69.7,18.2
2024-01-01,BRD-009,13.56,18.07,4.13,8.13,74.9,15.3
2024-02-01,BRD-009,12.67,16.49,4.02,7.92,68.8,20.4
2024-03-01,BRD-009,13.01,17.09,4.17,8.46,74.2,34.7
2024-04-01,BRD-009,12.5,16.45,4.13,8.04,70.6,27.7
2024-05-01,BRD-009,12.95,16.92,4.29,8.33,76.8,12.2
2024-06-01,BRD-009,13.13,17.13,4.14,7.86,50.5,19.7
2024-07-01,BRD-009,13.51,18.1,4.19,8.16,64.4,9.2
2024-08-01,BRD-009,13.23,17.66,4.19,8.15,75.6,11.1
2024-09-01,BRD-009,13.2,17.28,4.07,8.22,47.7,37.8
2024-10-01,BRD-009,13.0,17.11,4.18,8.42,42.3,31.4
2024-11-01,BRD-009,12.97,17.07,4.02,7.9,57.5,19.7
2024-12-01,BRD-009,12.64,16.81,4.3,8.5,57.3,34.9
2023-01-01,BRD-010,23.36,30.75,4.89,4.5,66.4,14.9
2023-02-01,BRD-010,24.22,32.06,4.53,4.39,63.3,14.6
2023-03-01,BRD-010,23.66,31.48,4.54,4.3,59.7,17.4
2023-04-01,BRD-010,22.12,29.12,4.56,4.48,64.4,9.1
2023-05-01,BRD-010,21.85,28.6,4.53,4.45,67.2,10.7
2023-06-01,BRD-010,21.85,28.56,4.75,4.52,72.2,20.7
2023-07-01,BRD-010,22.37,29.53,4.77,4.56,73.6,16.7
2023-08-01,BRD-010,22.78,30.35,4.48,4.57,68.9,26.4
2023-09-01,BRD-010,21.63,28.5,4.5,4.53,48.4,31.8
2023-10-01,BRD-010,22.37,29.44,4.5,4.59,50.0,20.5
2023-11-01,BRD-010,22.64,29.68,4.39,4.55,65.1,24.4
2023-12-01,BRD-010,21.34,28.38,4.6,4.46,71.2,23.5
2024-01-01,BRD-010,20.8,27.26,4.37,4.41,42.1,12.8
2024-02-01,BRD-010,21.61,28.6,4.57,4.54,58.3,19.7
2024-03-01,BRD-010,21.12,28.02,4.51,4.47,76.0,11.6
2024-04-01,BRD-010,20.65,27.04,4.56,4.32,59.7,27.1
2024-05-01,BRD-010,20.24,26.81,4.38,4.46,69.7,20.6
2024-06-01,BRD-010,19.62,25.94,4.44,4.41,75.0,16.4
2024-07-01,BRD-010,19.91,26.52,4.27,4.35,59.6,34.3
2024-08-01,BRD-010,19.43,25.74,4.34,4.34,61.6,30.0
2024-09-01,BRD-010,18.76,24.85,4.35,4.44,57.6,23.9
2024-10-01,BRD-010,19.62,25.91,4.33,4.45,68.2,22.5
2024-11-01,BRD-010,20.07,26.34,4.28,4.53,47.3,21.8
2024-12-01,BRD-010,18.11,24.02,4.24,4.62,68.9,8.5
2023-01-01,BRD-011,14.89,19.91,3.44,7.71,70.6,35.3
2023-02-01,BRD-011,15.74,20.87,3.64,7.85,66.8,26.4
2023-03-01,BRD-011,14.82,19.58,3.67,7.71,67.6,33.9
2023-04-01,BRD-011,16.05,21.16,3.48,8.23,42.9,14.1
2023-05-01,BRD-011,16.08,21.16,3.59,7.97,60.6,30.6
2023-06-01,BRD-011,15.68,20.78,3.6,8.28,46.8,24.3
2023-07-01,BRD-011,16.31,21.77,3.7,8.0,62.8,11.3
2023-08-01,BRD-011,16.04,21.1,3.67,7.74,66.8,26.0
2023-09-01,BRD-011,16.09,21.4,3.56,8.21,67.5,22.4
2023-10-01,BRD-011,16.22,21.56,3.67,7.87,75.2,26.6
2023-11-01,BRD-011,16.06,21.37,3.7,7.88,75.6,27.2
2023-12-01,BRD-011,16.95,22.64,3.77,7.87,43.2,36.9
2024-01-01,BRD-011,16.48,21.73,3.85,8.28,57.1,10.0
2024-02-01,BRD-011,16.6,21.89,3.62,8.24,61.9,36.7
2024-03-01,BRD-011,16.72,22.09,3.75,8.04,57.6,15.7
2024-04-01,BRD-011,17.71,23.26,3.67,7.88,48.1,13.9
2024-05-01,BRD-011,16.4,21.37,3.68,8.29,73.2,22.7
2024-06-01,BRD-011,17.98,24.0,3.72,8.25,55.3,22.6
2024-07-01,BRD-011,16.65,22.12,3.81,8.12,48.3,15.3
2024-08-01,BRD-011,16.92,22.4,3.81,8.28,74.7,12.9
2024-09-01,BRD-011,17.57,23.02,3.73,7.67,57.3,12.5
2024-10-01,BRD-011,17.91,23.57,3.72,7.84,72.8,31.6
2024-11-01,BRD-011,18.47,24.34,4.0,7.97,43.3,19.5
2024-12-01,BRD-011,17.39,23.04,3.8,8.21,68.3,28.9
2023-01-01,BRD-012,14.88,19.5,4.66,6.39,65.3,19.4
2023-02-01,BRD-012,15.73,21.06,4.83,6.31,43.9,14.3
2023-03-01,BRD-012,15.87,21.17,5.01,6.33,61.3,20.0
2023-04-01,BRD-012,15.14,20.1,4.99,6.56,45.1,12.5
2023-05-01,BRD-012,15.85,20.79,4.93,6.46,51.5,11.8
2023-06-01,BRD-012,15.37,20.17,4.96,6.29,60.8,16.2
2023-07-01,BRD-012,17.03,22.45,5.02,6.39,69.0,26.5
2023-08-01,BRD-012,16.52,21.55,4.95,6.4,64.5,36.8
2023-09-01,BRD-012,15.72,20.9,4.77,6.52,75.1,23.5
2023-10-01,BRD-012,16.47,21.93,4.83,6.34,63.4,23.9
2023-11-01,BRD-012,16.09,21.29,5.07,6.38,45.5,27.9
2023-12-01,BRD-012,16.91,22.1,5.07,6.48,64.3,18.7
2024-01-01,BRD-012,16.88,22.12,5.05,6.35,63.7,27.9
2024-02-01,BRD-012,16.94,22.23,5.17,6.32,64.4,33.2
2024-03-01,BRD-012,17.8,23.42,4.96,6.44,45.1,13.4
2024-04-01,BRD-012,17.05,22.71,4.96,6.68,52.9,15.7
2024-05-01,BRD-012,18.41,24.0,5.23,6.46,64.4,19.4
2024-06-01,BRD-012,18.61,24.62,5.06,6.44,60.6,25.5
2024-07-01,BRD-012,17.34,22.6,5.15,6.34,66.4,22.6
2024-08-01,BRD-012,17.56,23.25,5.34,6.43,71.2,26.7
2024-09-01,BRD-012,18.25,24.05,5.27,6.3,44.4,11.1
2024-10-01,BRD-012,18.09,23.86,5.34,6.61,60.9,24.8
2024-11-01,BRD-012,17.77,23.66,5.21,6.41,48.3,21.3
2024-12-01,BRD-012,18.48,24.31,5.21,6.42,60.0,24.7
2023-01-01,BRD-013,22.15,28.96,5.12,5.75,54.6,27.5
2023-02-01,BRD-013,22.49,29.51,5.08,5.7,77.3,29.5
2023-03-01,BRD-013,21.43,28.41,5.1,5.5,65.8,18.2
2023-04-01,BRD-013,20.78,27.25,4.93,5.59,72.9,24.1
2023-05-01,BRD-013,20.04,26.72,5.03,5.81,46.5,20.1
2023-06-01,BRD-013,21.46,28.43,4.78,5.52,52.8,26.5
2023-07-01,BRD-013,20.76,27.38,4.84,5.6,71.2,30.4
2023-08-01,BRD-013,21.01,28.0,4.83,5.46,73.3,10.5
2023-09-01,BRD-013,20.89,27.64,4.94,5.54,60.2,30.1
2023-10-01,BRD-013,21.06,27.61,4.85,5.79,50.4,18.8
2023-11-01,BRD-013,20.41,27.22,4.89,5.74,52.0,8.6
2023-12-01,BRD-013,20.7,27.1,4.71,5.61,47.0,21.6
2024-01-01,BRD-013,19.45,25.57,4.65,5.58,64.1,17.5
2024-02-01,BRD-013,20.05,26.74,4.65,5.53,49.1,16.4
2024-03-01,BRD-013,18.94,25.13,4.66,5.82,51.6,37.3
2024-04-01,BRD-013,18.5,24.39,4.83,5.75,65.0,33.1
2024-05-01,BRD-013,19.57,25.77,4.53,5.65,46.5,32.3
2024-06-01,BRD-013,18.63,24.62,4.65,5.83,61.0,19.5
2024-07-01,BRD-013,18.95,24.95,4.78,5.75,56.9,30.6
2024-08-01,BRD-013,17.84,23.81,4.61,5.49,56.6,33.9
2024-09-01,BRD-013,17.93,23.44,4.43,5.69,72.6,15.0
2024-10-01,BRD-013,17.87,23.41,4.67,5.82,57.1,12.0
2024-11-01,BRD-013,18.26,24.38,4.68,5.81,66.3,33.9
2024-12-01,BRD-013,17.86,23.52,4.69,5.69,53.8,11.1
2023-01-01,BRD-014,16.79,22.1,3.48,5.73,63.3,18.1
2023-02-01,BRD-014,17.17,22.89,3.53,5.79,63.8,18.8
2023-03-01,BRD-014,16.78,21.9,3.74,5.84,66.9,29.6
2023-04-01,BRD-014,17.04,22.71,3.8,5.8,71.9,19.9
2023-05-01,BRD-014,18.6,24.35,3.81,5.79,51.3,16.9
2023-06-01,BRD-014,18.76,24.66,3.83,5.49,51.2,20.2
2023-07-01,BRD-014,18.32,24.27,3.68,5.77,44.9,17.2
2023-08-01,BRD-014,19.3,25.58,3.95,5.69,61.8,20.6
2023-09-01,BRD-014,19.76,26.06,3.89,5.75,45.4,26.9
2023-10-01,BRD-014,20.22,26.42,3.8,5.52,61.5,32.0
2023-11-01,BRD-014,20.52,27.1,3.98,5.57,76.3,28.9
2023-12-01,BRD-014,20.31,27.08,4.02,5.7,72.1,32.7
2024-01-01,BRD-014,21.3,28.27,3.98,5.66,76.3,17.6
2024-02-01,BRD-014,21.49,28.29,4.0,5.53,73.4,33.8
2024-03-01,BRD-014,22.42,29.54,3.98,5.72,48.6,16.8
2024-04-01,BRD-014,22.72,29.7,4.25,5.61,65.2,21.1
2024-05-01,BRD-014,22.79,30.18,4.11,5.81,60.3,30.8
2024-06-01,BRD-014,22.64,29.87,4.23,5.65,70.6,36.6
2024-07-01,BRD-014,22.61,29.56,4.35,5.9,72.7,35.0
2024-08-01,BRD-014,22.81,29.92,4.28,5.88,53.9,12.0
2024-09-01,BRD-014,24.86,32.66,4.35,5.56,75.9,17.0
2024-10-01,BRD-014,23.65,30.92,4.55,5.72,60.3,10.5
2024-11-01,BRD-014,24.0,31.44,4.42,5.91,72.7,16.0
2024-12-01,BRD-014,25.91,34.38,4.46,5.74,66.1,24.7
2023-01-01,BRD-015,20.77,27.66,5.13,6.49,61.1,25.0
2023-02-01,BRD-015,20.43,26.88,5.39,6.62,62.4,36.0
2023-03-01,BRD-015,20.49,27.02,5.12,6.79,47.6,26.5
2023-04-01,BRD-015,20.1,26.5,5.26,6.38,76.6,20.3
2023-05-01,BRD-015,20.7,27.52,5.16,6.55,72.8,9.7
2023-06-01,BRD-015,19.79,26.05,5.38,6.67,69.6,37.8
2023-07-01,BRD-015,20.4,26.95,5.4,6.34,68.0,29.5
2023-08-01,BRD-015,20.3,26.72,5.38,6.75,48.7,19.4
2023-09-01,BRD-015,19.78,26.21,5.11,6.82,66.2,21.7
2023-10-01,BRD-015,19.55,25.96,5.11,6.81,50.4,8.7
2023-11-01,BRD-015,18.51,24.51,5.26,6.5,55.5,23.4
2023-12-01,BRD-015,19.11,25.37,5.08,6.34,58.9,16.0
2024-01-01,BRD-015,19.33,25.32,5.0,6.33,71.5,16.2
2024-02-01,BRD-015,18.94,25.0,5.13,6.45,68.7,22.8
2024-03-01,BRD-015,18.63,24.61,5.19,6.83,74.2,25.6
2024-04-01,BRD-015,17.88,23.78,5.18,6.4,43.9,35.8
2024-05-01,BRD-015,17.35,22.75,4.92,6.76,42.2,36.6
2024-06-01,BRD-015,17.79,23.61,5.05,6.53,61.5,12.8
2024-07-01,BRD-015,17.07,22.46,4.75,6.68,58.7,23.1
2024-08-01,BRD-015,16.91,22.22,5.07,6.78,47.4,22.2
2024-09-01,BRD-015,16.84,22.41,4.96,6.52,44.0,24.8
2024-10-01,BRD-015,16.98,22.41,4.93,6.57,46.5,8.9
2024-11-01,BRD-015,16.7,21.75,4.94,6.64,58.4,24.6
2024-12-01,BRD-015,17.55,23.39,4.93,6.79,55.2,8.4
2023-01-01,BRD-016,17.76,23.59,5.29,6.5,42.2,27.0
2023-02-01,BRD-016,17.07,22.45,5.25,6.31,52.3,28.8
2023-03-01,BRD-016,17.47,23.06,5.48,6.18,47.5,31.5
2023-04-01,BRD-016,17.99,23.49,5.69,6.31,48.8,14.4
2023-05-01,BRD-016,18.21,23.84,5.4,6.3,63.1,23.1
2023-06-01,BRD-016,19.79,26.42,5.78,6.23,56.7,14.8
2023-07-01,BRD-016,19.72,26.32,5.81,6.22,55.3,14.9
2023-08-01,BRD-016,20.14,26.54,5.91,6.42,57.1,24.8
2023-09-01,BRD-016,19.48,25.73,5.59,6.51,45.0,14.8
2023-10-01,BRD-016,19.91,26.4,5.65,6.11,76.2,33.7
2023-11-01,BRD-016,21.75,28.71,5.75,6.21,48.9,21.9
2023-12-01,BRD-016,22.14,29.02,6.0,6.39,51.7,12.4
2024-01-01,BRD-016,21.57,28.75,5.79,6.15,71.6,27.8
2024-02-01,BRD-016,22.95,30.24,5.93,6.38,75.8,18.0
2024-03-01,BRD-016,22.72,29.84,6.18,6.42,74.7,29.4
2024-04-01,BRD-016,24.02,31.8,5.96,6.14,64.3,34.6
2024-05-01,BRD-016,23.51,31.28,6.4,6.07,49.5,31.4
2024-06-01,BRD-016,23.03,30.41,6.18,6.27,72.4,13.8
2024-07-01,BRD-016,22.99,30.63,6.31,6.16,76.2,36.5
2024-08-01,BRD-016,23.47,30.98,6.29,6.08,70.7,9.9
2024-09-01,BRD-016,25.76,33.98,6.5,6.24,70.9,32.8
2024-10-01,BRD-016,25.19,33.17,6.36,6.21,66.7,9.8
2024-11-01,BRD-016,26.43,34.72,6.63,6.19,73.6,36.6
2024-12-01,BRD-016,25.45,33.32,6.42,6.14,65.6,15.3
2023-01-01,BRD-017,12.09,16.24,4.0,6.61,64.6,16.5
2023-02-01,BRD-017,11.21,14.9,4.17,6.82,71.4,13.9
2023-03-01,BRD-017,12.02,16.09,3.91,6.39,48.9,11.4
2023-04-01,BRD-017,11.38,14.98,4.07,6.61,49.7,23.8
2023-05-01,BRD-017,11.39,15.25,4.09,6.35,67.8,35.3
2023-06-01,BRD-017,10.75,14.3,4.04,6.34,49.8,36.5
2023-07-01,BRD-017,11.5,15.09,3.84,6.8,68.5,28.9
2023-08-01,BRD-017,10.78,14.4,3.86,6.41,50.2,28.4
2023-09-01,BRD-017,11.24,14.68,3.87,6.67,58.6,33.7
2023-10-01,BRD-017,10.89,14.64,3.8,6.6,73.7,16.3
2023-11-01,BRD-017,10.23,13.78,3.83,6.39,52.7,37.9
2023-12-01,BRD-017,10.34,13.54,3.79,6.62,54.7,15.0
2024-01-01,BRD-017,10.75,14.39,3.78,6.72,56.9,36.3
2024-02-01,BRD-017,10.64,14.12,3.99,6.34,67.3,33.5
2024-03-01,BRD-017,10.16,13.35,3.95,6.48,52.7,22.3
2024-04-01,BRD-017,9.78,13.1,3.84,6.46,52.7,31.9
2024-05-01,BRD-017,10.16,13.59,3.84,6.59,59.6,28.3
2024-06-01,BRD-017,10.11,13.31,3.64,6.7,60.5,9.5
2024-07-01,BRD-017,10.08,13.22,3.62,6.7,70.9,22.5
2024-08-01,BRD-017,9.86,13.28,3.73,6.53,47.3,31.3
2024-09-01,BRD-017,9.51,12.5,3.66,6.37,71.5,35.9
2024-10-01,BRD-017,9.4,12.2,3.66,6.7,51.4,12.4
2024-11-01,BRD-017,9.53,12.36,3.81,6.81,46.9,25.2
2024-12-01,BRD-017,8.89,11.44,3.55,6.42,72.1,15.0
2023-01-01,BRD-018,6.7,8.56,3.26,10.15,47.0,24.5
2023-02-01,BRD-018,6.27,8.47,3.22,9.83,71.6,33.2
2023-03-01,BRD-018,6.67,8.64,3.37,9.75,49.5,37.3
2023-04-01,BRD-018,6.47,8.63,3.21,9.84,63.5,23.2
2023-05-01,BRD-018,6.37,8.62,3.09,10.12,68.6,25.1
2023-06-01,BRD-018,6.34,8.4,3.19,9.94,60.4,22.4
2023-07-01,BRD-018,6.42,8.2,3.09,10.07,70.8,22.4
2023-08-01,BRD-018,6.33,8.65,3.28,9.62,43.7,33.1
2023-09-01,BRD-018,5.97,7.7,3.13,10.14,76.0,17.1
2023-10-01,BRD-018,6.3,8.1,3.05,10.05,50.5,31.8
2023-11-01,BRD-018,6.09,8.01,3.13,9.91,65.5,10.1
2023-12-01,BRD-018,5.72,7.28,3.01,9.89,56.7,33.5
2024-01-01,BRD-018,5.87,8.02,3.14,9.59,63.0,27.0
2024-02-01,BRD-018,5.87,7.59,3.03,10.11,42.0,9.9
2024-03-01,BRD-018,6.01,7.98,3.03,9.53,64.0,26.8
2024-04-01,BRD-018,5.52,7.11,3.07,9.78,77.9,23.3
2024-05-01,BRD-018,5.56,7.15,3.08,9.59,66.5,17.8
2024-06-01,BRD-018,5.33,6.99,3.14,9.63,57.9,30.6
2024-07-01,BRD-018,5.44,7.2,3.11,9.73,49.2,26.2
2024-08-01,BRD-018,5.25,7.12,2.97,10.13,60.1,30.3
2024-09-01,BRD-018,5.33,6.97,2.91,10.09,62.6,31.9
2024-10-01,BRD-018,5.52,7.1,2.86,9.92,72.0,11.8
2024-11-01,BRD-018,5.56,7.47,2.86,9.5,70.4,32.1
2024-12-01,BRD-018,5.35,7.09,3.01,9.46,68.3,27.5
2023-01-01,BRD-019,11.16,14.64,4.41,7.08,62.9,12.4
2023-02-01,BRD-019,11.07,14.53,4.25,7.54,51.2,23.3
2023-03-01,BRD-019,11.97,16.06,4.39,7.46,44.8,21.9
2023-04-01,BRD-019,11.66,15.3,4.48,7.09,77.9,10.5
2023-05-01,BRD-019,12.03,15.91,4.49,7.33,61.8,26.8
2023-06-01,BRD-019,11.4,15.25,4.54,7.58,63.3,11.2
2023-07-01,BRD-019,12.4,16.32,4.58,7.16,68.0,15.6
2023-08-01,BRD-019,12.74,16.8,4.34,7.61,73.6,30.0
2023-09-01,BRD-019,11.81,15.87,4.56,7.05,70.9,28.4
2023-10-01,BRD-019,12.64,16.78,4.64,7.47,55.5,26.7
2023-11-01,BRD-019,12.96,17.39,4.64,7.31,71.6,32.2
2023-12-01,BRD-019,12.06,16.04,4.64,7.41,66.1,17.5
2024-01-01,BRD-019,12.72,16.74,4.42,7.31,75.8,24.4
2024-02-01,BRD-019,12.92,16.82,4.55,7.54,57.3,37.0
2024-03-01,BRD-019,13.11,17.32,4.51,7.55,70.8,14.7
2024-04-01,BRD-019,12.68,16.97,4.62,7.5,49.3,12.4
2024-05-01,BRD-019,12.99,17.17,4.6,7.39,55.9,35.2
2024-06-01,BRD-019,13.36,17.84,4.53,7.18,59.0,28.1
2024-07-01,BRD-019,13.3,17.8,4.81,7.39,44.0,21.7
2024-08-01,BRD-019,13.48,17.67,4.71,7.43,52.7,30.9
2024-09-01,BRD-019,13.45,17.61,4.7,7.24,60.8,8.1
2024-10-01,BRD-019,13.08,17.29,4.69,7.31,54.4,36.0
2024-11-01,BRD-019,14.39,18.94,4.63,7.34,60.7,14.0
2024-12-01,BRD-019,13.15,17.07,4.84,7.5,61.7,29.7
2024-05-01,BRD-020,0.4,0.7,0,0,47.5,32.1
2024-06-01,BRD-020,1.12,1.45,0,0,73.2,23.5
2024-07-01,BRD-020,1.84,2.67,0,0,47.5,10.7
2024-08-01,BRD-020,2.74,3.82,0,0,59.8,34.5
2024-09-01,BRD-020,3.46,4.49,0,0,43.8,10.3
2024-10-01,BRD-020,4.18,5.67,0,0,55.3,16.7
2024-11-01,BRD-020,5.08,6.9,0,0,43.6,19.3
2024-12-01,BRD-020,5.8,7.81,0,0,65.6,23.6
2023-01-01,BRD-021,8.29,10.78,3.74,10.08,75.9,9.2
2023-02-01,BRD-021,8.28,10.63,3.98,10.08,47.5,36.9
2023-03-01,BRD-021,8.45,10.96,3.94,10.0,69.3,14.3
2023-04-01,BRD-021,8.98,11.67,3.95,9.91,59.1,25.5
2023-05-01,BRD-021,8.51,11.38,3.79,9.69,46.8,22.9
2023-06-01,BRD-021,8.27,10.95,3.91,9.87,70.4,30.3
2023-07-01,BRD-021,8.4,10.98,3.71,9.87,53.9,11.2
2023-08-01,BRD-021,9.04,11.69,3.83,10.24,62.1,16.6
2023-09-01,BRD-021,8.86,11.64,3.98,10.12,59.9,24.8
2023-10-01,BRD-021,8.93,11.56,3.71,9.6,48.7,14.3
2023-11-01,BRD-021,9.13,12.09,3.85,9.63,72.0,32.8
2023-12-01,BRD-021,8.89,11.87,3.81,10.17,49.8,18.9
2024-01-01,BRD-021,8.72,11.48,3.92,10.08,62.5,29.4
2024-02-01,BRD-021,8.92,11.52,3.89,9.95,61.0,28.4
2024-03-01,BRD-021,8.63,11.18,3.92,9.67,72.4,18.0
2024-04-01,BRD-021,8.9,11.45,3.9,9.64,69.2,35.6
2024-05-01,BRD-021,8.94,11.53,3.99,9.52,74.2,35.0
2024-06-01,BRD-021,8.55,11.3,3.96,9.54,74.5,36.3
2024-07-01,BRD-021,8.74,11.41,3.84,10.03,42.5,34.9
2024-08-01,BRD-021,9.02,12.08,3.8,9.96,71.0,20.4
2024-09-01,BRD-021,8.31,11.02,3.9,9.64,52.7,29.8
2024-10-01,BRD-021,8.43,10.87,3.97,9.65,74.8,8.0
2024-11-01,BRD-021,9.0,11.86,4.0,10.15,55.3,8.3
2024-12-01,BRD-021,8.93,11.49,3.9,9.96,68.0,35.7
2023-01-01,BRD-022,14.26,18.87,5.39,4.65,68.1,22.7
2023-02-01,BRD-022,13.87,18.48,5.05,4.89,57.8,29.4
2023-03-01,BRD-022,13.76,17.94,5.06,4.98,67.5,15.0
2023-04-01,BRD-022,14.26,18.58,5.09,4.92,61.8,18.3
2023-05-01,BRD-022,14.26,19.04,5.41,4.7,75.4,34.0
2023-06-01,BRD-022,13.81,18.29,5.29,4.86,54.4,9.5
2023-07-01,BRD-022,13.22,17.23,5.12,4.91,70.7,14.6
2023-08-01,BRD-022,13.59,18.07,5.2,4.62,71.4,19.4
2023-09-01,BRD-022,13.47,17.5,5.34,4.83,54.7,11.3
2023-10-01,BRD-022,13.69,18.28,5.15,4.75,43.8,30.6
2023-11-01,BRD-022,13.99,18.49,5.27,4.92,57.7,9.7
2023-12-01,BRD-022,13.79,18.37,5.3,4.99,46.2,28.5
2024-01-01,BRD-022,13.91,18.22,5.25,4.74,73.3,11.3
2024-02-01,BRD-022,12.96,17.04,5.19,4.94,67.7,27.5
2024-03-01,BRD-022,13.72,18.07,5.41,4.88,59.0,27.5
2024-04-01,BRD-022,13.51,18.06,5.06,4.81,47.5,26.7
2024-05-01,BRD-022,13.03,17.31,5.19,4.97,45.1,20.6
2024-06-01,BRD-022,13.39,17.38,5.11,4.96,62.7,37.6
2024-07-01,BRD-022,13.94,18.33,5.02,4.96,64.5,17.2
2024-08-01,BRD-022,13.88,18.46,5.4,4.8,73.5,29.2
2024-09-01,BRD-022,14.32,18.83,5.38,4.76,66.0,30.2
2024-10-01,BRD-022,13.34,17.62,5.39,5.0,54.6,24.3
2024-11-01,BRD-022,13.97,18.53,5.22,4.79,53.1,12.8
2024-12-01,BRD-022,13.07,17.31,5.24,4.95,65.4,13.1
2023-01-01,BRD-023,6.5,8.56,3.01,9.56,45.4,34.5
2023-02-01,BRD-023,6.92,8.88,3.02,9.26,53.0,31.3
2023-03-01,BRD-023,7.34,9.55,3.16,9.31,75.8,8.9
2023-04-01,BRD-023,7.76,10.19,3.22,9.52,61.6,8.7
2023-05-01,BRD-023,8.18,10.79,3.25,9.2,42.1,13.5
2023-06-01,BRD-023,8.6,11.57,3.26,8.92,51.9,10.4
2023-07-01,BRD-023,9.02,11.65,3.43,9.3,50.4,36.8
2023-08-01,BRD-023,9.44,12.4,3.27,9.07,54.0,36.5
2023-09-01,BRD-023,9.86,13.29,3.39,9.06,53.1,22.5
2023-10-01,BRD-023,10.28,13.82,3.41,9.11,70.0,18.4
2023-11-01,BRD-023,10.7,14.06,3.34,9.6,68.8,30.3
2023-12-01,BRD-023,11.12,14.65,3.61,9.24,60.4,37.4
2024-01-01,BRD-023,11.54,15.5,3.48,9.34,72.7,32.9
2024-02-01,BRD-023,11.96,15.51,3.58,9.53,67.5,30.2
2024-03-01,BRD-023,12.38,16.07,3.66,9.57,63.9,18.3
2024-04-01,BRD-023,12.8,17.04,3.47,9.41,73.1,18.6
2024-05-01,BRD-023,13.22,17.2,3.78,9.26,42.4,25.5
2024-06-01,BRD-023,13.64,17.89,3.64,9.5,50.8,10.7
2024-07-01,BRD-023,14.06,18.64,3.59,9.33,72.6,23.7
2024-08-01,BRD-023,14.48,19.05,3.83,9.66,76.8,24.2
2024-09-01,BRD-023,14.9,19.41,3.92,9.25,56.8,18.6
2024-10-01,BRD-023,15.32,20.36,3.87,9.26,45.0,22.3
2024-11-01,BRD-023,15.74,20.64,3.88,9.5,69.3,14.6
2024-12-01,BRD-023,16.16,21.12,3.76,9.39,49.5,18.1
2023-01-01,BRD-024,14.82,19.5,3.74,5.95,60.8,25.4
2023-02-01,BRD-024,15.36,20.56,4.01,6.18,60.2,35.0
2023-03-01,BRD-024,15.36,20.02,3.95,5.92,57.1,22.1
2023-04-01,BRD-024,16.34,21.53,4.06,6.11,54.7,30.0
2023-05-01,BRD-024,16.17,21.28,4.15,6.25,70.7,21.1
2023-06-01,BRD-024,17.05,22.32,4.23,5.87,76.3,31.9
2023-07-01,BRD-024,17.06,22.49,4.02,5.85,64.8,22.0
2023-08-01,BRD-024,17.67,23.38,4.1,5.91,55.6,34.6
2023-09-01,BRD-024,16.76,22.02,4.09,5.83,69.5,36.6
2023-10-01,BRD-024,18.39,24.27,4.17,6.09,72.1,35.7
2023-11-01,BRD-024,17.9,23.62,4.27,6.13,70.6,22.8
2023-12-01,BRD-024,18.75,24.68,4.23,6.05,73.4,37.7
2024-01-01,BRD-024,19.08,25.31,4.34,6.15,77.0,26.6
2024-02-01,BRD-024,18.63,24.61,4.55,6.13,59.4,13.7
2024-03-01,BRD-024,20.07,26.64,4.52,6.22,48.2,31.8
2024-04-01,BRD-024,19.43,25.83,4.45,5.88,55.6,15.4
2024-05-01,BRD-024,20.55,27.37,4.73,5.89,53.7,37.0
2024-06-01,BRD-024,20.85,27.46,4.59,6.26,74.7,11.3
2024-07-01,BRD-024,21.77,28.94,4.6,6.11,75.3,26.8
2024-08-01,BRD-024,21.16,27.95,4.54,6.1,43.1,29.0
2024-09-01,BRD-024,22.34,29.25,4.88,6.22,43.2,28.9
2024-10-01,BRD-024,21.5,28.46,4.86,6.12,76.9,21.3
2024-11-01,BRD-024,22.16,29.24,4.97,6.14,57.8,8.7
2024-12-01,BRD-024,22.09,28.98,4.72,6.18,51.1,9.2
2023-01-01,BRD-025,9.69,12.82,4.19,7.97,68.3,10.6
2023-02-01,BRD-025,9.32,12.16,4.22,8.01,66.9,14.5
2023-03-01,BRD-025,9.77,12.96,4.27,7.71,70.6,26.2
2023-04-01,BRD-025,9.22,12.04,4.18,7.91,69.9,11.8
2023-05-01,BRD-025,9.18,12.04,4.13,7.72,61.3,9.8
2023-06-01,BRD-025,9.1,12.11,4.12,8.21,60.1,28.1
2023-07-01,BRD-025,9.95,13.09,4.22,8.01,60.5,8.7
2023-08-01,BRD-025,9.76,12.66,4.2,7.96,59.9,16.3
2023-09-01,BRD-025,9.77,13.14,4.22,8.32,57.3,11.5
2023-10-01,BRD-025,9.7,12.58,4.02,8.28,63.9,11.0
2023-11-01,BRD-025,9.62,12.87,4.01,7.77,46.6,14.0
2023-12-01,BRD-025,9.44,12.33,4.15,7.91,44.9,14.7
2024-01-01,BRD-025,9.03,12.1,4.07,8.26,42.7,29.1
2024-02-01,BRD-025,9.65,12.97,4.22,8.02,57.0,30.1
2024-03-01,BRD-025,9.21,12.31,4.14,7.91,65.6,10.8
2024-04-01,BRD-025,9.42,12.57,4.09,8.23,74.6,23.0
2024-05-01,BRD-025,9.33,12.18,4.2,8.32,43.4,16.7
2024-06-01,BRD-025,9.49,12.72,4.21,8.05,70.4,17.0
2024-07-01,BRD-025,9.68,12.64,4.12,8.06,77.3,14.1
2024-08-01,BRD-025,9.96,13.32,4.28,7.82,71.2,11.8
2024-09-01,BRD-025,9.33,12.28,4.0,8.31,50.7,22.2
2024-10-01,BRD-025,9.06,11.82,4.03,8.2,44.4,37.9
2024-11-01,BRD-025,9.54,12.47,4.11,8.12,63.7,29.2
2024-12-01,BRD-025,9.54,12.89,4.26,7.99,52.0,11.7
2023-01-01,BRD-026,14.41,19.29,4.72,5.52,60.2,27.5
2023-02-01,BRD-026,15.36,20.24,4.83,5.42,44.4,16.5
2023-03-01,BRD-026,15.26,20.03,4.72,5.3,65.6,22.6
2023-04-01,BRD-026,15.08,19.89,4.64,5.49,45.0,33.5
2023-05-01,BRD-026,14.43,18.75,4.47,5.52,49.6,22.8
2023-06-01,BRD-026,13.51,18.09,4.56,5.53,45.8,19.0
2023-07-01,BRD-026,13.53,17.6,4.67,5.61,63.4,10.4
2023-08-01,BRD-026,13.21,17.26,4.45,5.56,72.4,18.2
2023-09-01,BRD-026,13.47,17.93,4.57,5.34,60.3,33.0
2023-10-01,BRD-026,13.43,17.69,4.52,5.38,73.2,23.2
2023-11-01,BRD-026,13.38,17.53,4.41,5.38,77.7,36.6
2023-12-01,BRD-026,13.48,17.6,4.54,5.46,71.8,31.6
2024-01-01,BRD-026,13.85,17.99,4.44,5.6,53.4,17.8
2024-02-01,BRD-026,13.52,18.1,4.58,5.59,43.3,27.3
2024-03-01,BRD-026,13.42,17.71,4.26,5.61,75.2,19.0
2024-04-01,BRD-026,12.77,16.75,4.31,5.55,72.9,18.0
2024-05-01,BRD-026,12.1,15.99,4.25,5.31,53.8,9.1
2024-06-01,BRD-026,12.0,16.1,4.24,5.29,73.6,25.0
2024-07-01,BRD-026,12.66,16.93,4.45,5.35,54.1,32.7
2024-08-01,BRD-026,12.09,15.98,4.38,5.5,74.2,26.7
2024-09-01,BRD-026,11.96,15.52,4.19,5.27,61.7,18.8
2024-10-01,BRD-026,11.66,15.21,4.26,5.47,65.1,33.2
2024-11-01,BRD-026,11.72,15.22,4.37,5.6,69.2,28.7
2024-12-01,BRD-026,11.34,15.0,4.27,5.47,60.8,17.5
2023-01-01,BRD-027,10.46,13.64,3.39,6.1,52.7,34.2
2023-02-01,BRD-027,10.5,14.11,3.18,6.39,68.0,36.6
2023-03-01,BRD-027,11.14,14.52,3.31,6.31,64.9,8.4
2023-04-01,BRD-027,10.73,14.39,3.38,6.01,44.7,23.7
2023-05-01,BRD-027,10.34,13.7,3.35,6.16,71.6,13.4
2023-06-01,BRD-027,10.65,14.21,3.37,6.06,70.9,12.0
2023-07-01,BRD-027,10.51,13.69,3.36,6.26,47.0,29.7
2023-08-01,BRD-027,10.84,14.05,3.26,6.03,76.0,16.1
2023-09-01,BRD-027,10.67,13.84,3.29,6.18,59.5,20.8
2023-10-01,BRD-027,10.93,14.37,3.18,6.41,62.4,17.1
2023-11-01,BRD-027,10.75,14.08,3.41,6.33,69.4,34.9
2023-12-01,BRD-027,10.16,13.28,3.31,6.28,76.8,26.5
2024-01-01,BRD-027,10.59,13.69,3.33,6.47,55.3,14.3
2024-02-01,BRD-027,10.22,13.52,3.26,6.39,68.2,26.4
2024-03-01,BRD-027,11.15,15.0,3.33,6.32,58.0,32.0
2024-04-01,BRD-027,10.86,14.51,3.28,6.16,48.1,35.6
2024-05-01,BRD-027,10.65,13.97,3.33,6.3,52.3,24.6
2024-06-01,BRD-027,10.97,14.57,3.19,6.11,58.4,23.0
2024-07-01,BRD-027,10.73,13.93,3.28,6.3,63.3,29.3
2024-08-01,BRD-027,11.03,14.48,3.41,6.12,62.7,32.0
2024-09-01,BRD-027,11.14,14.68,3.19,6.3,70.8,12.6
2024-10-01,BRD-027,10.11,13.04,3.38,6.43,72.2,25.0
2024-11-01,BRD-027,10.96,14.56,3.26,6.41,70.4,21.4
2024-12-01,BRD-027,10.38,13.93,3.29,6.29,51.9,23.5
2023-01-01,BRD-028,8.01,10.82,3.36,13.37,72.2,17.0
2023-02-01,BRD-028,8.55,11.04,3.38,14.03,67.4,31.0
2023-03-01,BRD-028,8.4,10.98,3.61,13.3,60.2,34.0
2023-04-01,BRD-028,8.76,11.32,3.58,13.12,65.1,32.9
2023-05-01,BRD-028,8.89,11.83,3.57,13.5,65.3,8.7
2023-06-01,BRD-028,8.59,11.4,3.62,13.32,48.3,28.5
2023-07-01,BRD-028,9.15,12.05,3.59,13.4,74.3,13.2
2023-08-01,BRD-028,8.98,11.66,3.58,13.73,72.4,17.9
2023-09-01,BRD-028,9.28,12.51,3.86,14.11,58.0,9.5
2023-10-01,BRD-028,9.82,12.88,3.86,13.89,73.3,17.9
2023-11-01,BRD-028,9.45,12.29,3.77,13.26,55.7,34.6
2023-12-01,BRD-028,10.24,13.24,3.89,13.96,71.3,12.1
2024-01-01,BRD-028,9.77,13.0,4.04,13.61,76.1,25.8
2024-02-01,BRD-028,10.6,13.79,3.81,13.84,67.8,31.3
2024-03-01,BRD-028,10.74,14.08,3.85,13.63,45.6,13.5
2024-04-01,BRD-028,11.02,14.3,3.94,13.13,66.4,29.3
2024-05-01,BRD-028,10.54,14.08,3.98,13.87,50.0,32.8
2024-06-01,BRD-028,11.62,15.05,4.03,13.24,63.6,10.8
2024-07-01,BRD-028,10.85,14.49,4.0,13.78,43.9,37.3
2024-08-01,BRD-028,11.48,15.41,4.26,13.31,61.8,15.7
2024-09-01,BRD-028,11.18,14.94,4.07,13.55,75.0,36.9
2024-10-01,BRD-028,11.56,15.19,4.32,14.1,53.1,23.9
2024-11-01,BRD-028,11.88,15.85,4.21,13.16,66.9,10.9
2024-12-01,BRD-028,11.82,15.63,4.35,14.02,62.8,20.9
2023-01-01,BRD-029,20.78,27.57,5.13,4.23,75.4,13.1
2023-02-01,BRD-029,19.35,25.76,5.38,4.15,63.6,30.4
2023-03-01,BRD-029,20.6,27.38,5.53,4.14,76.7,11.8
2023-04-01,BRD-029,20.53,27.24,5.39,4.25,54.5,9.2
2023-05-01,BRD-029,19.15,25.08,5.32,4.11,69.0,30.2
2023-06-01,BRD-029,21.06,27.76,5.47,4.34,44.9,34.0
2023-07-01,BRD-029,20.26,26.45,5.39,4.15,44.5,16.2
2023-08-01,BRD-029,19.77,25.84,5.53,4.15,62.5,36.1
2023-09-01,BRD-029,20.6,27.1,5.47,4.13,54.5,23.5
2023-10-01,BRD-029,19.52,25.96,5.24,4.39,58.8,11.6
2023-11-01,BRD-029,20.82,27.35,5.3,4.09,74.5,9.9
2023-12-01,BRD-029,19.81,26.17,5.47,4.13,74.9,9.9
2024-01-01,BRD-029,19.17,25.5,5.26,4.16,76.9,14.4
2024-02-01,BRD-029,20.94,27.9,5.16,4.27,51.8,10.5
2024-03-01,BRD-029,19.68,26.19,5.13,4.38,64.1,33.5
2024-04-01,BRD-029,19.37,25.75,5.51,4.36,48.9,24.1
2024-05-01,BRD-029,19.29,25.36,5.17,4.38,50.9,33.5
2024-06-01,BRD-029,19.99,26.45,5.51,4.23,65.6,35.6
2024-07-01,BRD-029,20.46,27.02,5.44,4.17,68.8,30.7
2024-08-01,BRD-029,20.75,27.47,5.37,4.36,51.4,37.4
2024-09-01,BRD-029,20.32,26.96,5.36,4.37,68.6,15.5
2024-10-01,BRD-029,19.11,25.14,5.5,4.41,55.0,11.6
2024-11-01,BRD-029,19.84,26.17,5.53,4.25,54.9,12.6
2024-12-01,BRD-029,20.98,27.74,5.39,4.09,47.2,29.9
2023-01-01,BRD-030,20.88,27.28,3.84,7.3,58.9,29.7
2023-02-01,BRD-030,20.73,27.43,3.77,7.26,59.4,24.4
2023-03-01,BRD-030,20.44,27.26,3.7,6.94,71.6,35.2
2023-04-01,BRD-030,21.82,28.63,3.86,7.02,63.9,11.7
2023-05-01,BRD-030,21.22,27.75,3.91,6.91,72.1,24.9
2023-06-01,BRD-030,20.26,26.82,3.72,7.15,68.9,25.8
2023-07-01,BRD-030,20.8,27.73,3.96,7.15,54.6,15.9
2023-08-01,BRD-030,21.22,28.06,3.71,7.24,47.5,11.5
2023-09-01,BRD-030,22.18,29.42,3.88,7.19,58.3,13.2
2023-10-01,BRD-030,22.24,29.5,3.95,7.02,74.3,37.1
2023-11-01,BRD-030,21.87,28.71,3.9,6.9,43.6,19.3
2023-12-01,BRD-030,21.22,27.81,3.76,7.04,42.6,31.9
2024-01-01,BRD-030,21.63,28.59,3.9,7.04,76.0,37.1
2024-02-01,BRD-030,23.23,30.84,3.92,6.87,74.9,16.9
2024-03-01,BRD-030,22.29,29.62,3.84,7.04,68.9,12.6
2024-04-01,BRD-030,22.76,29.94,4.07,7.02,44.7,15.6
2024-05-01,BRD-030,23.23,30.37,3.85,7.29,45.8,27.6
2024-06-01,BRD-030,24.45,32.01,3.96,6.79,63.0,10.6
2024-07-01,BRD-030,24.05,31.51,4.02,7.13,45.0,15.2
2024-08-01,BRD-030,23.52,31.29,3.94,6.99,70.1,16.3
2024-09-01,BRD-030,22.87,30.29,4.11,6.96,65.2,19.8
2024-10-01,BRD-030,23.15,30.67,4.21,7.13,57.7,8.3
2024-11-01,BRD-030,23.13,30.61,4.07,7.18,47.4,11.6
2024-12-01,BRD-030,23.78,31.6,4.11,6.97,77.9,20.9
2023-01-01,BRD-031,10.44,14.04,4.71,8.15,67.4,14.3
2023-02-01,BRD-031,10.72,14.21,4.88,8.24,53.2,35.3
2023-03-01,BRD-031,9.81,12.72,4.65,8.24,51.7,23.7
2023-04-01,BRD-031,10.63,14.0,4.56,8.35,45.4,12.9
2023-05-01,BRD-031,10.06,13.34,4.71,8.08,61.0,8.3
2023-06-01,BRD-031,10.06,13.24,4.76,8.06,48.1,13.1
2023-07-01,BRD-031,10.19,13.66,4.67,8.15,47.8,26.1
2023-08-01,BRD-031,9.87,13.0,4.79,8.04,75.4,11.0
2023-09-01,BRD-031,10.29,13.36,4.88,8.41,59.4,9.3
2023-10-01,BRD-031,9.89,13.13,4.86,8.54,57.3,31.0
2023-11-01,BRD-031,10.38,13.99,4.62,8.35,55.4,15.3
2023-12-01,BRD-031,10.04,13.35,4.79,8.04,54.8,17.7
2024-01-01,BRD-031,9.83,12.7,4.81,7.95,43.2,15.9
2024-02-01,BRD-031,10.02,13.42,4.62,8.44,63.0,21.7
2024-03-01,BRD-031,10.46,13.8,4.8,8.05,51.4,11.2
2024-04-01,BRD-031,9.87,13.07,4.66,8.01,71.4,22.6
2024-05-01,BRD-031,10.44,13.92,4.61,8.37,48.3,25.5
2024-06-01,BRD-031,10.6,13.97,4.64,8.27,45.3,34.2
2024-07-01,BRD-031,10.52,14.16,4.84,8.34,58.1,31.3
2024-08-01,BRD-031,10.23,13.67,4.8,8.46,53.3,36.2
2024-09-01,BRD-031,10.62,14.22,4.65,8.31,69.8,25.3
2024-10-01,BRD-031,10.21,13.22,4.87,8.22,59.2,26.4
2024-11-01,BRD-031,10.12,13.19,4.63,8.07,70.2,17.4
2024-12-01,BRD-031,9.85,12.77,4.87,8.15,58.7,12.5
2023-01-01,BRD-032,18.55,24.22,4.05,5.61,55.1,28.5
2023-02-01,BRD-032,20.12,26.72,4.16,5.64,66.2,32.1
2023-03-01,BRD-032,19.47,25.8,4.04,5.46,56.9,36.8
2023-04-01,BRD-032,20.35,26.73,4.05,5.55,47.5,12.2
2023-05-01,BRD-032,21.09,28.1,4.09,5.68,68.7,37.9
2023-06-01,BRD-032,20.9,27.5,4.12,5.62,51.6,30.3
2023-07-01,BRD-032,20.68,27.46,4.21,5.77,63.5,13.5
2023-08-01,BRD-032,20.77,27.63,4.35,5.78,69.2,16.2
2023-09-01,BRD-032,21.58,28.69,4.42,5.51,68.2,11.9
2023-10-01,BRD-032,21.31,27.92,4.2,5.49,45.3,34.8
2023-11-01,BRD-032,20.31,26.97,4.38,5.52,77.1,20.7
2023-12-01,BRD-032,20.84,27.53,4.45,5.62,57.0,18.5
2024-01-01,BRD-032,20.75,27.12,4.3,5.42,52.0,12.3
2024-02-01,BRD-032,20.76,27.67,4.23,5.4,50.0,32.0
2024-03-01,BRD-032,22.21,29.42,4.5,5.44,46.9,34.1
2024-04-01,BRD-032,23.02,30.42,4.29,5.82,46.0,36.0
2024-05-01,BRD-032,21.42,28.52,4.39,5.52,55.4,34.1
2024-06-01,BRD-032,21.31,28.4,4.56,5.57,59.8,21.7
2024-07-01,BRD-032,23.5,31.09,4.25,5.83,76.1,10.0
2024-08-01,BRD-032,22.53,29.85,4.33,5.7,61.2,30.5
2024-09-01,BRD-032,22.51,29.87,4.43,5.65,42.5,20.2
2024-10-01,BRD-032,23.15,30.45,4.57,5.4,76.4,18.4
2024-11-01,BRD-032,24.25,32.07,4.55,5.77,43.5,31.7
2024-12-01,BRD-032,22.6,29.67,4.56,5.46,69.0,34.3
2023-01-01,BRD-033,6.35,8.52,3.48,10.52,77.6,14.3
2023-02-01,BRD-033,6.96,8.92,3.57,11.18,47.9,22.5
2023-03-01,BRD-033,6.84,9.06,3.41,10.83,71.5,20.3
2023-04-01,BRD-033,7.09,9.24,3.58,10.91,56.1,30.8
2023-05-01,BRD-033,6.91,9.11,3.52,10.53,69.3,11.4
2023-06-01,BRD-033,7.2,9.79,3.47,10.4,47.2,14.4
2023-07-01,BRD-033,7.1,9.66,3.7,11.06,43.8,25.1
2023-08-01,BRD-033,6.81,8.87,3.7,10.64,63.2,32.9
2023-09-01,BRD-033,7.5,10.18,3.54,10.87,76.3,32.5
2023-10-01,BRD-033,6.95,9.2,3.56,11.03,73.0,20.1
2023-11-01,BRD-033,7.03,9.16,3.65,10.47,50.0,30.7
2023-12-01,BRD-033,7.63,9.83,3.57,10.6,59.6,26.5
2024-01-01,BRD-033,7.29,9.34,3.66,10.47,66.5,27.0
2024-02-01,BRD-033,7.5,10.12,3.74,11.04,73.5,29.8
2024-03-01,BRD-033,7.44,10.06,3.64,10.76,55.0,31.4
2024-04-01,BRD-033,7.51,10.18,3.79,10.7,59.9,27.0
2024-05-01,BRD-033,7.56,10.18,3.68,10.34,69.8,31.3
2024-06-01,BRD-033,7.73,9.91,3.62,10.76,43.2,17.1
2024-07-01,BRD-033,7.92,10.41,3.63,11.18,50.5,34.5
2024-08-01,BRD-033,7.48,10.01,3.62,11.02,64.0,29.5
2024-09-01,BRD-033,8.16,10.77,3.83,10.51,67.7,37.5
2024-10-01,BRD-033,7.84,10.25,3.7,10.69,77.1,23.0
2024-11-01,BRD-033,8.11,10.85,3.92,10.73,63.9,10.2
2024-12-01,BRD-033,8.3,10.85,3.74,10.37,53.9,19.9
2023-01-01,BRD-034,9.75,12.62,4.84,5.15,75.3,36.5
2023-02-01,BRD-034,9.49,12.74,4.87,4.92,70.1,9.6
2023-03-01,BRD-034,9.64,12.7,5.18,5.18,53.9,15.8
2023-04-01,BRD-034,9.31,12.16,4.87,4.84,42.7,36.3
2023-05-01,BRD-034,9.78,12.95,5.12,5.16,60.3,35.0
2023-06-01,BRD-034,9.92,13.15,4.96,4.84,49.8,13.7
2023-07-01,BRD-034,9.98,13.15,5.13,4.81,68.3,21.3
2023-08-01,BRD-034,9.89,12.78,5.18,5.12,44.4,37.0
2023-09-01,BRD-034,9.28,12.15,5.16,4.91,68.3,12.4
2023-10-01,BRD-034,9.43,12.46,4.87,4.83,67.8,22.3
2023-11-01,BRD-034,9.58,12.78,4.97,4.82,69.6,31.6
2023-12-01,BRD-034,10.02,13.21,5.01,5.18,67.4,33.2
2024-01-01,BRD-034,9.88,12.77,5.03,5.1,74.8,37.4
2024-02-01,BRD-034,10.0,12.93,5.06,4.89,62.3,8.8
2024-03-01,BRD-034,9.98,13.35,4.91,5.1,44.3,13.7
2024-04-01,BRD-034,10.22,13.37,4.88,4.82,62.9,33.8
2024-05-01,BRD-034,10.15,13.45,5.09,4.94,75.8,21.5
2024-06-01,BRD-034,10.06,13.43,5.17,4.82,43.6,15.2
2024-07-01,BRD-034,9.81,12.98,5.04,4.93,50.0,36.9
2024-08-01,BRD-034,9.66,13.03,5.14,5.05,75.8,30.3
2024-09-01,BRD-034,9.33,12.11,5.06,5.14,69.0,15.2
2024-10-01,BRD-034,9.38,12.11,5.09,5.15,51.4,20.9
2024-11-01,BRD-034,9.81,13.03,5.1,4.92,55.9,20.3
2024-12-01,BRD-034,9.34,12.6,4.84,5.09,67.9,24.1
2023-01-01,BRD-035,14.77,19.37,5.77,6.25,55.4,20.7
2023-02-01,BRD-035,15.14,20.12,5.6,5.81,60.8,12.4
2023-03-01,BRD-035,14.78,19.58,5.46,6.11,59.9,18.5
2023-04-01,BRD-035,15.16,19.86,5.67,6.24,50.2,11.6
2023-05-01,BRD-035,15.08,19.85,5.45,6.25,77.1,8.3
2023-06-01,BRD-035,14.89,19.69,5.81,5.91,45.0,12.2
2023-07-01,BRD-035,14.41,19.03,5.68,5.91,44.8,33.9
2023-08-01,BRD-035,15.7,20.43,5.7,5.93,74.9,12.6
2023-09-01,BRD-035,15.15,20.11,5.71,6.12,47.1,36.8
2023-10-01,BRD-035,15.27,20.28,5.93,6.04,68.5,33.9
2023-11-01,BRD-035,16.3,21.52,5.87,6.08,59.4,35.8
2023-12-01,BRD-035,15.11,20.17,5.79,5.99,42.8,37.0
2024-01-01,BRD-035,16.07,20.96,6.02,6.26,51.8,13.3
2024-02-01,BRD-035,15.6,20.84,6.09,5.87,47.2,18.2
2024-03-01,BRD-035,16.62,22.14,5.96,5.93,76.8,23.5
2024-04-01,BRD-035,16.15,21.3,6.15,6.08,63.0,37.4
2024-05-01,BRD-035,15.71,21.0,5.74,6.03,76.9,32.0
2024-06-01,BRD-035,16.63,21.85,6.21,6.0,57.4,24.8
2024-07-01,BRD-035,16.07,21.16,5.95,5.8,72.5,26.2
2024-08-01,BRD-035,16.67,22.05,5.84,5.97,64.8,29.6
2024-09-01,BRD-035,16.72,21.8,6.14,5.95,70.1,22.0
2024-10-01,BRD-035,16.16,21.06,6.13,6.04,76.0,9.7
2024-11-01,BRD-035,17.5,23.11,6.07,5.85,67.8,30.7
2024-12-01,BRD-035,16.7,22.12,6.01,5.83,60.7,19.0
2023-01-01,BRD-036,8.73,11.63,2.81,12.59,70.8,13.3
2023-02-01,BRD-036,8.7,11.32,2.77,11.77,47.3,14.0
2023-03-01,BRD-036,9.43,12.41,2.76,12.08,54.2,15.0
2023-04-01,BRD-036,9.41,12.37,2.67,11.91,51.1,25.1
2023-05-01,BRD-036,8.98,11.81,2.85,12.06,75.4,24.7
2023-06-01,BRD-036,9.72,12.98,2.76,12.35,67.1,15.8
2023-07-01,BRD-036,9.43,12.53,2.73,11.79,53.7,12.7
2023-08-01,BRD-036,9.0,11.92,2.77,11.85,68.6,18.3
2023-09-01,BRD-036,9.96,12.99,2.75,12.46,62.7,16.4
2023-10-01,BRD-036,9.91,13.13,2.79,11.77,73.3,21.6
2023-11-01,BRD-036,9.49,12.72,2.72,11.77,52.0,37.7
2023-12-01,BRD-036,10.12,13.65,2.8,12.47,55.7,35.8
2024-01-01,BRD-036,9.54,12.35,2.95,12.62,68.4,21.5
2024-02-01,BRD-036,10.2,13.44,2.81,12.1,65.3,9.9
2024-03-01,BRD-036,9.71,12.81,2.77,12.45,66.5,30.7
2024-04-01,BRD-036,10.38,13.78,2.99,12.08,77.1,10.0
2024-05-01,BRD-036,9.83,12.93,3.01,11.91,62.9,25.8
2024-06-01,BRD-036,10.45,13.78,2.89,11.94,50.5,23.8
2024-07-01,BRD-036,10.78,13.95,2.89,12.02,67.8,36.2
2024-08-01,BRD-036,10.8,14.47,3.02,12.01,77.2,35.2
2024-09-01,BRD-036,10.61,14.23,2.85,12.22,61.7,28.9
2024-10-01,BRD-036,10.39,13.54,2.88,11.95,50.8,9.2
2024-11-01,BRD-036,10.52,13.9,3.03,12.09,55.6,18.9
2024-12-01,BRD-036,11.0,14.8,2.9,12.4,51.6,20.1
2023-01-01,BRD-037,7.63,10.17,2.91,10.59,47.0,24.2
2023-02-01,BRD-037,7.1,9.32,2.92,10.98,60.2,16.4
2023-03-01,BRD-037,7.17,9.64,2.72,11.09,76.3,20.6
2023-04-01,BRD-037,7.67,10.35,2.89,10.77,48.1,12.5
2023-05-01,BRD-037,7.34,9.91,2.86,10.9,76.8,35.9
2023-06-01,BRD-037,7.52,10.08,2.73,10.41,47.8,9.5
2023-07-01,BRD-037,7.64,9.95,2.91,10.68,42.2,21.0
2023-08-01,BRD-037,7.29,9.88,2.8,10.96,51.8,27.9
2023-09-01,BRD-037,7.49,9.81,2.83,10.79,75.7,27.5
2023-10-01,BRD-037,7.47,10.1,2.73,10.99,63.9,8.7
2023-11-01,BRD-037,7.15,9.32,2.92,10.88,52.1,12.1
2023-12-01,BRD-037,7.22,9.23,2.72,10.6,60.7,15.2
2024-01-01,BRD-037,7.47,9.85,2.88,10.43,63.7,30.7
2024-02-01,BRD-037,7.1,9.67,2.73,10.71,71.1,13.9
2024-03-01,BRD-037,7.23,9.4,2.78,10.83,77.9,35.7
2024-04-01,BRD-037,6.99,9.41,2.89,10.42,51.2,14.2
2024-05-01,BRD-037,6.98,9.51,2.75,10.98,67.8,9.7
2024-06-01,BRD-037,7.42,9.88,2.92,10.51,67.3,35.4
2024-07-01,BRD-037,7.14,9.58,2.84,10.83,68.9,21.7
2024-08-01,BRD-037,7.42,9.81,2.85,10.72,56.4,11.6
2024-09-01,BRD-037,7.31,9.78,2.82,11.11,54.1,15.4
2024-10-01,BRD-037,7.52,10.02,2.75,11.13,57.5,14.2
2024-11-01,BRD-037,7.65,10.1,2.74,10.56,72.5,34.0
2024-12-01,BRD-037,7.49,9.61,2.83,10.57,50.5,14.8
2023-01-01,BRD-038,6.71,9.06,2.84,14.68,48.8,27.3
2023-02-01,BRD-038,6.9,9.29,2.85,13.91,63.0,32.2
2023-03-01,BRD-038,6.58,8.71,3.04,14.33,53.3,21.4
2023-04-01,BRD-038,6.38,8.66,3.05,14.33,75.1,15.3
2023-05-01,BRD-038,6.51,8.31,3.07,14.53,58.0,35.9
2023-06-01,BRD-038,6.86,9.01,2.95,13.98,69.9,17.2
2023-07-01,BRD-038,7.13,9.4,3.02,14.05,53.3,15.1
2023-08-01,BRD-038,7.27,9.55,3.11,14.73,50.8,17.8
2023-09-01,BRD-038,6.81,9.0,3.08,14.61,67.8,19.4
2023-10-01,BRD-038,7.11,9.42,3.0,13.86,70.8,26.9
2023-11-01,BRD-038,6.81,8.9,3.16,14.15,77.9,33.9
2023-12-01,BRD-038,7.29,9.82,2.96,13.83,74.6,26.6
2024-01-01,BRD-038,6.99,9.39,3.01,14.36,73.9,16.8
2024-02-01,BRD-038,6.93,9.28,3.04,14.18,67.5,19.2
2024-03-01,BRD-038,7.49,10.12,3.09,14.73,67.3,15.3
2024-04-01,BRD-038,7.29,9.61,3.07,14.52,70.7,12.8
2024-05-01,BRD-038,7.29,9.54,3.17,13.87,62.5,22.5
2024-06-01,BRD-038,7.47,9.91,3.06,13.86,47.0,9.9
2024-07-01,BRD-038,7.68,10.0,3.13,14.21,76.8,33.6
2024-08-01,BRD-038,7.89,10.25,3.23,14.11,67.9,23.1
2024-09-01,BRD-038,8.02,10.66,3.19,13.83,61.0,19.9
2024-10-01,BRD-038,7.75,10.47,3.11,13.81,71.5,32.5
2024-11-01,BRD-038,7.66,9.91,3.33,14.42,46.2,28.6
2024-12-01,BRD-038,7.97,10.32,3.12,13.8,77.4,30.5
2023-01-01,BRD-039,8.12,11.01,3.34,8.03,46.5,37.4
2023-02-01,BRD-039,7.68,10.39,3.44,8.16,77.1,13.7
2023-03-01,BRD-039,8.14,10.59,3.22,8.17,57.0,31.3
2023-04-01,BRD-039,8.06,10.39,3.27,8.31,56.4,22.6
2023-05-01,BRD-039,7.9,10.14,3.24,8.15,61.8,12.1
2023-06-01,BRD-039,7.99,10.48,3.4,7.99,48.8,11.0
2023-07-01,BRD-039,8.11,10.9,3.26,8.27,55.1,19.6
2023-08-01,BRD-039,7.65,9.97,3.28,8.38,77.2,26.1
2023-09-01,BRD-039,7.55,9.97,3.44,7.97,61.4,32.8
2023-10-01,BRD-039,7.95,10.22,3.24,8.01,73.2,14.0
2023-11-01,BRD-039,7.71,9.9,3.19,8.37,48.9,23.9
2023-12-01,BRD-039,7.52,9.72,3.41,8.25,54.1,29.2
2024-01-01,BRD-039,7.95,10.56,3.22,8.34,65.1,12.2
2024-02-01,BRD-039,7.85,10.12,3.2,8.24,47.8,27.6
2024-03-01,BRD-039,7.99,10.56,3.21,8.18,51.3,18.4
2024-04-01,BRD-039,7.9,10.49,3.27,8.47,61.3,9.8
2024-05-01,BRD-039,8.18,10.54,3.44,8.01,61.8,29.7
2024-06-01,BRD-039,7.87,10.57,3.45,8.52,72.5,10.1
2024-07-01,BRD-039,7.53,10.2,3.35,8.16,60.6,27.7
2024-08-01,BRD-039,8.23,10.96,3.43,8.51,42.6,33.5
2024-09-01,BRD-039,7.52,10.06,3.43,8.09,55.7,35.9
2024-10-01,BRD-039,7.72,10.13,3.33,8.52,51.5,32.5
2024-11-01,BRD-039,7.8,10.44,3.32,8.41,69.9,31.7
2024-12-01,BRD-039,8.01,10.77,3.22,8.02,61.6,9.2
2023-01-01,BRD-040,5.33,6.87,4.06,13.4,61.3,24.1
2023-02-01,BRD-040,5.76,7.35,4.13,13.31,62.8,27.3
2023-03-01,BRD-040,5.44,6.9,4.14,13.62,74.4,11.0
2023-04-01,BRD-040,5.42,6.99,4.2,13.4,49.1,31.1
2023-05-01,BRD-040,5.21,6.59,4.14,13.95,52.6,27.1
2023-06-01,BRD-040,5.49,7.39,3.94,13.26,52.8,30.6
2023-07-01,BRD-040,5.56,7.39,3.93,13.53,74.9,23.9
2023-08-01,BRD-040,5.38,6.97,4.13,13.29,67.6,19.0
2023-09-01,BRD-040,5.03,6.47,4.09,13.81,47.1,34.8
2023-10-01,BRD-040,5.28,7.1,3.96,13.44,67.6,31.9
2023-11-01,BRD-040,5.05,6.5,4.03,14.02,77.3,19.7
2023-12-01,BRD-040,4.99,6.87,4.09,13.36,49.9,37.7
2024-01-01,BRD-040,4.81,6.3,4.06,13.45,65.3,14.4
2024-02-01,BRD-040,5.03,6.76,3.75,13.48,73.1,25.5
2024-03-01,BRD-040,5.08,6.86,3.82,13.82,64.0,19.7
2024-04-01,BRD-040,4.8,6.41,3.98,13.21,63.3,8.4
2024-05-01,BRD-040,4.61,5.93,3.74,13.56,61.9,26.0
2024-06-01,BRD-040,4.84,6.24,3.69,13.24,72.9,9.4
2024-07-01,BRD-040,4.8,6.55,3.95,14.13,55.9,10.4
2024-08-01,BRD-040,4.85,6.33,3.65,13.29,62.7,18.3
2024-09-01,BRD-040,4.58,6.1,3.83,13.3,67.5,10.8
2024-10-01,BRD-040,4.56,6.05,3.61,13.69,48.1,28.1
2024-11-01,BRD-040,4.51,6.14,3.65,14.2,42.6,29.3
2024-12-01,BRD-040,4.63,5.99,3.57,13.83,77.2,21.7
2023-01-01,BRD-041,6.76,9.03,3.13,13.43,70.6,37.8
2023-02-01,BRD-041,6.59,8.44,3.24,13.46,73.2,29.6
2023-03-01,BRD-041,6.18,8.12,3.28,13.47,53.7,31.2
2023-04-01,BRD-041,6.67,8.79,3.16,13.41,78.0,13.8
2023-05-01,BRD-041,6.48,8.55,3.2,12.94,67.3,8.4
2023-06-01,BRD-041,6.47,8.83,3.3,12.89,48.8,32.0
2023-07-01,BRD-041,6.57,8.97,3.25,13.24,62.3,19.1
2023-08-01,BRD-041,6.52,8.71,3.11,13.52,74.8,29.1
2023-09-01,BRD-041,6.48,8.68,3.29,13.21,57.5,9.3
2023-10-01,BRD-041,6.39,8.15,3.34,12.78,46.6,31.4
2023-11-01,BRD-041,6.2,8.45,3.17,12.7,45.6,21.8
2023-12-01,BRD-041,6.69,8.56,3.29,12.82,62.4,23.2
2024-01-01,BRD-041,6.49,8.33,3.31,12.85,44.5,26.0
2024-02-01,BRD-041,6.54,8.51,3.12,13.29,47.9,34.8
2024-03-01,BRD-041,6.24,8.48,3.09,12.76,47.4,30.9
2024-04-01,BRD-041,6.43,8.41,3.19,12.78,60.7,10.0
2024-05-01,BRD-041,6.72,8.75,3.22,13.59,62.7,18.6
2024-06-01,BRD-041,6.28,8.18,3.09,12.87,64.9,25.4
2024-07-01,BRD-041,6.58,8.71,3.33,13.17,43.7,14.1
2024-08-01,BRD-041,6.49,8.43,3.12,12.81,43.8,37.5
2024-09-01,BRD-041,6.32,8.43,3.3,13.07,67.8,28.4
2024-10-01,BRD-041,6.58,8.77,3.32,13.62,52.7,10.2
2024-11-01,BRD-041,6.53,8.4,3.09,13.41,42.3,30.1
2024-12-01,BRD-041,6.77,8.67,3.12,13.48,71.9,34.4
2023-01-01,BRD-042,4.56,6.02,3.46,11.25,54.1,35.3
2023-02-01,BRD-042,4.74,6.32,3.49,10.94,45.6,19.8
2023-03-01,BRD-042,4.87,6.29,3.45,11.49,59.5,29.6
2023-04-01,BRD-042,4.68,6.1,3.59,10.77,72.9,37.6
2023-05-01,BRD-042,4.9,6.53,3.45,11.22,62.3,27.1
2023-06-01,BRD-042,5.06,6.51,3.62,11.49,63.6,18.9
2023-07-01,BRD-042,4.91,6.35,3.56,11.11,49.7,11.9
2023-08-01,BRD-042,5.09,6.82,3.66,11.25,58.4,25.7
2023-09-01,BRD-042,5.26,7.21,3.54,11.09,54.7,12.6
2023-10-01,BRD-042,4.92,6.44,3.67,11.2,73.1,28.3
2023-11-01,BRD-042,5.17,7.05,3.79,11.09,62.2,11.8
2023-12-01,BRD-042,5.44,7.19,3.8,11.23,70.2,21.6
2024-01-01,BRD-042,5.17,6.56,3.8,10.87,67.3,14.2
2024-02-01,BRD-042,5.29,7.2,3.67,10.91,52.5,31.5
2024-03-01,BRD-042,5.47,7.24,3.72,11.34,54.8,33.9
2024-04-01,BRD-042,5.45,7.24,3.7,11.14,62.5,25.5
2024-05-01,BRD-042,5.32,7.09,3.78,11.49,74.6,34.9
2024-06-01,BRD-042,5.57,7.44,3.65,11.34,69.3,36.2
2024-07-01,BRD-042,5.35,7.22,3.7,11.23,75.0,12.9
2024-08-01,BRD-042,5.5,7.47,3.8,11.16,58.7,9.2
2024-09-01,BRD-042,5.76,7.75,3.73,11.47,66.3,30.6
2024-10-01,BRD-042,5.47,7.36,3.68,10.85,45.9,31.1
2024-11-01,BRD-042,5.38,6.91,3.87,10.93,45.3,32.9
2024-12-01,BRD-042,5.93,7.59,3.78,11.45,73.9,34.5
2023-01-01,BRD-043,5.25,6.9,2.71,11.9,46.0,21.2
2023-02-01,BRD-043,5.42,7.11,2.88,11.69,72.0,12.8
2023-03-01,BRD-043,5.4,6.98,2.82,12.13,68.0,26.5
2023-04-01,BRD-043,5.03,6.93,2.67,12.58,64.9,31.9
2023-05-01,BRD-043,5.28,7.24,2.65,12.59,70.0,25.3
2023-06-01,BRD-043,4.83,6.32,2.77,12.38,69.8,27.6
2023-07-01,BRD-043,5.14,6.81,2.81,11.97,42.7,8.1
2023-08-01,BRD-043,4.93,6.38,2.61,12.01,48.2,21.1
2023-09-01,BRD-043,4.86,6.62,2.67,12.51,77.4,33.0
2023-10-01,BRD-043,4.85,6.59,2.59,12.07,77.8,29.1
2023-11-01,BRD-043,4.93,6.55,2.62,11.71,60.4,27.7
2023-12-01,BRD-043,4.97,6.48,2.75,11.74,42.4,35.7
2024-01-01,BRD-043,4.92,6.37,2.56,11.89,50.7,33.2
2024-02-01,BRD-043,4.64,6.12,2.58,11.9,66.3,33.9
2024-03-01,BRD-043,4.67,6.18,2.56,12.46,46.9,33.9
2024-04-01,BRD-043,4.46,5.74,2.64,12.03,52.3,10.2
2024-05-01,BRD-043,4.32,5.79,2.66,11.89,48.5,33.7
2024-06-01,BRD-043,4.54,5.72,2.54,11.67,43.1,37.0
2024-07-01,BRD-043,4.48,6.12,2.59,12.45,46.6,9.5
2024-08-01,BRD-043,4.17,5.57,2.65,12.44,72.6,18.0
2024-09-01,BRD-043,4.51,5.68,2.63,11.83,54.5,32.3
2024-10-01,BRD-043,4.16,5.78,2.64,12.19,59.2,15.3
2024-11-01,BRD-043,4.11,5.28,2.45,12.62,48.3,32.9
2024-12-01,BRD-043,4.1,5.32,2.57,12.15,73.9,13.1
2023-01-01,BRD-044,6.93,8.9,3.46,8.86,71.7,14.2
2023-02-01,BRD-044,6.54,8.48,3.4,9.04,63.8,34.8
2023-03-01,BRD-044,7.04,9.01,3.51,9.05,70.7,8.9
2023-04-01,BRD-044,7.27,9.5,3.73,9.21,47.1,8.3
2023-05-01,BRD-044,6.99,9.16,3.76,9.5,67.5,11.1
2023-06-01,BRD-044,7.17,9.17,3.65,9.43,55.7,34.0
2023-07-01,BRD-044,7.73,10.11,3.79,8.99,42.3,10.9
2023-08-01,BRD-044,7.55,9.74,3.86,9.32,58.5,37.2
2023-09-01,BRD-044,8.01,10.72,3.75,9.19,44.3,8.1
2023-10-01,BRD-044,8.24,11.07,3.77,9.21,67.1,12.0
2023-11-01,BRD-044,7.88,10.28,3.85,9.19,72.6,17.0
2023-12-01,BRD-044,8.42,11.09,4.03,9.49,69.4,22.6
2024-01-01,BRD-044,8.78,11.33,3.85,9.3,45.6,12.8
2024-02-01,BRD-044,8.24,10.64,4.08,9.48,58.0,36.5
2024-03-01,BRD-044,8.34,11.09,4.1,9.25,48.9,21.7
2024-04-01,BRD-044,8.8,11.41,3.9,9.18,72.2,17.7
2024-05-01,BRD-044,9.08,12.19,4.11,9.03,65.9,37.9
2024-06-01,BRD-044,8.94,11.76,4.09,8.91,75.0,8.6
2024-07-01,BRD-044,9.52,12.84,4.05,9.15,49.9,29.2
2024-08-01,BRD-044,9.37,12.1,4.16,9.29,58.6,12.4
2024-09-01,BRD-044,9.48,12.66,4.26,9.33,72.1,27.8
2024-10-01,BRD-044,9.62,12.84,4.25,8.99,63.4,13.5
2024-11-01,BRD-044,9.76,13.1,4.23,9.45,65.5,13.9
2024-12-01,BRD-044,10.35,13.65,4.26,9.12,76.2,16.4
2023-01-01,BRD-045,22.11,28.95,3.46,8.14,57.5,34.2
2023-02-01,BRD-045,23.56,30.91,3.32,8.43,66.1,33.2
2023-03-01,BRD-045,23.33,30.61,3.41,8.18,74.6,19.9
2023-04-01,BRD-045,24.11,31.8,3.54,8.47,48.2,16.2
2023-05-01,BRD-045,24.61,32.36,3.39,8.58,52.0,23.2
2023-06-01,BRD-045,24.33,31.96,3.68,8.48,56.8,13.0
2023-07-01,BRD-045,25.86,34.12,3.69,8.54,61.5,27.6
2023-08-01,BRD-045,25.24,33.25,3.53,8.48,50.3,19.7
2023-09-01,BRD-045,26.19,34.69,3.73,8.42,57.1,31.0
2023-10-01,BRD-045,28.2,37.39,3.55,8.34,42.9,25.3
2023-11-01,BRD-045,27.08,35.68,3.87,8.41,77.2,20.6
2023-12-01,BRD-045,27.68,36.81,3.78,8.21,76.9,12.2
2024-01-01,BRD-045,28.24,37.03,3.87,8.33,47.7,10.4
2024-02-01,BRD-045,28.31,37.55,3.71,8.58,76.1,12.8
2024-03-01,BRD-045,28.96,38.48,3.75,8.17,45.2,30.0
2024-04-01,BRD-045,29.69,39.02,3.84,8.34,72.9,8.3
2024-05-01,BRD-045,31.46,41.39,3.93,8.2,48.0,23.2
2024-06-01,BRD-045,32.1,42.2,4.13,8.4,52.7,17.5
2024-07-01,BRD-045,33.19,43.55,4.02,8.55,73.1,31.4
2024-08-01,BRD-045,32.52,42.87,4.18,7.95,44.3,33.9
2024-09-01,BRD-045,33.41,44.05,4.07,7.96,54.4,13.7
2024-10-01,BRD-045,31.87,42.11,3.97,8.31,51.2,32.1
2024-11-01,BRD-045,35.12,46.27,4.31,8.36,66.7,16.9
2024-12-01,BRD-045,33.84,44.43,4.09,8.5,73.6,9.3
2023-01-01,BRD-046,16.88,22.54,5.32,4.77,66.1,34.3
2023-02-01,BRD-046,17.96,23.57,5.52,4.92,77.7,18.0
2023-03-01,BRD-046,17.02,22.3,5.53,4.74,76.0,27.0
2023-04-01,BRD-046,17.27,22.62,5.31,4.87,43.5,34.4
2023-05-01,BRD-046,17.12,22.55,5.57,4.99,72.0,31.4
2023-06-01,BRD-046,18.37,24.46,5.56,4.95,44.9,10.5
2023-07-01,BRD-046,17.48,23.17,5.46,4.98,47.8,23.3
2023-08-01,BRD-046,17.52,23.24,5.43,4.8,42.9,14.2
2023-09-01,BRD-046,17.41,23.15,5.39,4.78,62.7,37.4
2023-10-01,BRD-046,17.74,23.39,5.51,5.09,52.5,14.7
2023-11-01,BRD-046,18.2,23.95,5.72,4.77,52.1,27.8
2023-12-01,BRD-046,17.13,22.63,5.72,4.89,73.6,21.4
2024-01-01,BRD-046,17.7,23.12,5.39,5.0,70.3,23.0
2024-02-01,BRD-046,18.38,24.46,5.5,5.12,71.7,26.0
2024-03-01,BRD-046,17.65,23.38,5.38,4.87,43.6,36.7
2024-04-01,BRD-046,17.33,22.91,5.67,4.97,55.8,8.6
2024-05-01,BRD-046,17.27,22.9,5.65,5.09,66.1,34.5
2024-06-01,BRD-046,18.27,24.0,5.71,5.04,73.3,27.5
2024-07-01,BRD-046,18.61,24.47,5.56,4.89,56.2,37.3
2024-08-01,BRD-046,17.4,23.22,5.34,4.83,54.6,28.6
2024-09-01,BRD-046,17.81,23.66,5.57,4.97,70.4,16.2
2024-10-01,BRD-046,17.22,22.87,5.39,4.81,68.8,30.1
2024-11-01,BRD-046,18.16,23.97,5.6,5.02,52.3,29.4
2024-12-01,BRD-046,18.17,24.18,5.58,5.09,69.0,33.3
2023-01-01,BRD-047,17.62,23.3,4.86,5.16,44.2,24.9
2023-02-01,BRD-047,17.57,22.98,5.02,5.31,58.9,25.9
2023-03-01,BRD-047,19.29,25.36,5.1,5.02,48.0,32.9
2023-04-01,BRD-047,19.05,25.15,5.0,5.29,64.1,27.5
2023-05-01,BRD-047,20.09,26.58,4.85,5.1,47.6,11.2
2023-06-01,BRD-047,18.87,24.76,5.01,5.11,63.7,9.2
2023-07-01,BRD-047,19.14,25.08,5.28,4.96,69.5,9.4
2023-08-01,BRD-047,19.44,25.38,5.11,5.28,59.2,15.1
2023-09-01,BRD-047,20.32,26.56,5.39,5.3,58.7,21.4
2023-10-01,BRD-047,21.08,28.02,5.16,5.18,69.9,26.5
2023-11-01,BRD-047,20.59,27.01,5.4,5.11,65.2,10.2
2023-12-01,BRD-047,21.71,28.39,5.24,5.21,73.0,13.9
2024-01-01,BRD-047,22.21,29.26,5.43,5.04,70.0,26.5
2024-02-01,BRD-047,22.44,29.67,5.71,5.02,50.8,30.5
2024-03-01,BRD-047,24.06,31.87,5.45,5.18,43.1,11.7
2024-04-01,BRD-047,23.0,30.37,5.54,5.02,73.8,29.9
2024-05-01,BRD-047,25.01,33.0,5.57,5.14,59.1,20.4
2024-06-01,BRD-047,24.56,32.67,5.73,4.95,69.9,16.1
2024-07-01,BRD-047,23.72,31.27,5.76,5.26,44.3,22.6
2024-08-01,BRD-047,24.41,32.31,5.79,5.04,73.9,34.0
2024-09-01,BRD-047,25.74,34.06,5.72,5.27,42.6,35.6
2024-10-01,BRD-047,26.12,34.28,5.86,5.34,77.7,16.1
2024-11-01,BRD-047,25.76,34.28,5.92,5.21,68.7,21.6
2024-12-01,BRD-047,25.61,33.63,5.95,5.08,49.9,18.5
2023-01-01,BRD-048,5.54,7.5,2.84,13.7,66.1,9.9
2023-02-01,BRD-048,5.27,6.72,2.81,13.76,70.2,21.2
2023-03-01,BRD-048,5.47,7.08,2.91,13.28,71.2,10.7
2023-04-01,BRD-048,5.05,6.79,2.86,13.78,69.0,32.5
2023-05-01,BRD-048,5.07,6.78,2.92,13.8,58.0,32.4
2023-06-01,BRD-048,5.3,6.83,2.86,13.15,75.3,15.4
2023-07-01,BRD-048,5.12,6.87,2.78,13.84,72.2,20.5
2023-08-01,BRD-048,5.0,6.6,2.8,13.89,76.9,30.2
2023-09-01,BRD-048,4.9,6.52,2.8,14.02,75.1,27.5
2023-10-01,BRD-048,4.96,6.3,2.86,13.26,57.7,14.3
2023-11-01,BRD-048,4.98,6.79,2.89,13.07,53.0,10.0
2023-12-01,BRD-048,4.78,6.18,2.75,13.68,61.0,15.2
2024-01-01,BRD-048,4.64,6.11,2.75,13.2,42.8,27.1
2024-02-01,BRD-048,4.77,6.17,2.76,13.61,47.4,35.0
2024-03-01,BRD-048,4.85,6.49,2.86,13.95,67.3,18.8
2024-04-01,BRD-048,4.53,5.92,2.8,13.34,58.6,10.1
2024-05-01,BRD-048,4.5,6.06,2.83,13.78,60.0,9.1
2024-06-01,BRD-048,4.59,6.2,2.73,13.22,56.6,23.9
2024-07-01,BRD-048,4.58,6.14,2.72,13.62,64.6,16.7
2024-08-01,BRD-048,4.66,6.36,2.6,13.64,55.0,21.3
2024-09-01,BRD-048,4.29,5.78,2.74,13.29,43.1,10.6
2024-10-01,BRD-048,4.41,6.09,2.61,13.52,46.5,11.2
2024-11-01,BRD-048,4.57,5.97,2.61,14.04,55.9,19.0
2024-12-01,BRD-048,4.36,5.87,2.54,13.61,75.5,16.9
2023-01-01,BRD-049,3.41,4.75,2.98,11.24,69.3,30.4
2023-02-01,BRD-049,3.65,4.58,2.93,11.26,62.0,37.5
2023-03-01,BRD-049,3.73,4.99,3.16,11.31,74.9,11.0
2023-04-01,BRD-049,3.67,4.77,3.01,11.42,63.4,16.1
2023-05-01,BRD-049,3.73,5.12,3.23,11.72,60.4,10.4
2023-06-01,BRD-049,4.07,5.27,3.04,11.42,64.3,33.9
2023-07-01,BRD-049,3.85,5.2,3.24,11.81,75.7,27.4
2023-08-01,BRD-049,4.12,5.59,3.3,10.96,59.3,33.5
2023-09-01,BRD-049,4.29,5.59,3.19,11.34,66.7,11.0
2023-10-01,BRD-049,4.24,5.37,3.34,11.26,56.6,13.9
2023-11-01,BRD-049,4.27,5.56,3.36,11.39,64.1,31.5
2023-12-01,BRD-049,4.29,5.64,3.35,11.17,73.3,29.6
2024-01-01,BRD-049,4.34,5.58,3.34,11.67,50.1,35.9
2024-02-01,BRD-049,4.49,5.9,3.42,11.28,76.2,35.6
2024-03-01,BRD-049,4.44,5.64,3.42,11.22,57.9,17.6
2024-04-01,BRD-049,4.7,6.5,3.36,11.37,48.7,15.0
2024-05-01,BRD-049,4.95,6.76,3.48,11.34,44.6,30.5
2024-06-01,BRD-049,4.95,6.29,3.59,11.67,63.4,22.0
2024-07-01,BRD-049,4.67,5.92,3.44,11.41,47.4,14.2
2024-08-01,BRD-049,5.08,6.48,3.5,11.13,49.8,33.9
2024-09-01,BRD-049,5.11,6.97,3.64,11.46,62.2,37.0
2024-10-01,BRD-049,5.15,6.52,3.63,11.52,67.4,12.9
2024-11-01,BRD-049,5.19,6.77,3.8,10.99,71.4,31.9
2024-12-01,BRD-049,5.4,6.84,3.81,11.41,57.3,23.8
